1,10,2.0e-3,168
2,10,2.0e-3,251
3,10,2.0e-3,142
1,11,2.0e-3,122
2,11,2.0e-3,139
3,11,2.0e-3,130
1,12,2.0e-3,140
2,12,2.0e-3,161
3,12,2.0e-3,152
1,13,2.0e-3,143
2,13,2.0e-3,178
3,13,2.0e-3,166
1,14,2.0e-3,155
2,14,2.0e-3,183
3,14,2.0e-3,161
1,15,2.0e-3,151
2,15,2.0e-3,177
3,15,2.0e-3,187
1,16,2.0e-3,161
2,16,2.0e-3,192
3,16,2.0e-3,193
1,17,2.0e-3,171
2,17,2.0e-3,216
3,17,2.0e-3,193
1,18,2.0e-3,167
2,18,2.0e-3,211
3,18,2.0e-3,196
1,19,2.0e-3,176
2,19,2.0e-3,212
3,19,2.0e-3,214
1,20,2.0e-3,194
2,20,2.0e-3,222
3,20,2.0e-3,213
1,21,2.0e-3,183
2,21,2.0e-3,226
3,21,2.0e-3,216
1,22,2.0e-3,191
2,22,2.0e-3,242
3,22,2.0e-3,219
1,23,2.0e-3,207
2,23,2.0e-3,247
3,23,2.0e-3,224
1,24,2.0e-3,196
2,24,2.0e-3,250
3,24,2.0e-3,222
1,25,2.0e-3,211
2,25,2.0e-3,260
3,25,2.0e-3,246
1,26,2.0e-3,215
2,26,2.0e-3,235
3,26,2.0e-3,239
1,27,2.0e-3,208
2,27,2.0e-3,255
3,27,2.0e-3,264
1,28,2.0e-3,223
2,28,2.0e-3,264
3,28,2.0e-3,248
1,29,2.0e-3,215
2,29,2.0e-3,262
3,29,2.0e-3,245
1,30,2.0e-3,234
2,30,2.0e-3,273
3,30,2.0e-3,262
1,31,2.0e-3,227
2,31,2.0e-3,273
3,31,2.0e-3,256
1,32,2.0e-3,224
2,32,2.0e-3,272
3,32,2.0e-3,264
1,33,2.0e-3,241
2,33,2.0e-3,289
3,33,2.0e-3,265
1,34,2.0e-3,230
2,34,2.0e-3,285
3,34,2.0e-3,259
1,35,2.0e-3,237
2,35,2.0e-3,290
3,35,2.0e-3,279
1,36,2.0e-3,225
2,36,2.0e-3,284
3,36,2.0e-3,272
1,37,2.0e-3,240
2,37,2.0e-3,284
3,37,2.0e-3,296
1,38,2.0e-3,254
2,38,2.0e-3,280
3,38,2.0e-3,276
1,39,2.0e-3,243
2,39,2.0e-3,292
3,39,2.0e-3,291
1,40,2.0e-3,246
2,40,2.0e-3,302
3,40,2.0e-3,291
1,41,2.0e-3,248
2,41,2.0e-3,292
3,41,2.0e-3,286
1,42,2.0e-3,256
2,42,2.0e-3,291
3,42,2.0e-3,321
1,43,2.0e-3,250
2,43,2.0e-3,292
3,43,2.0e-3,284
1,44,2.0e-3,262
2,44,2.0e-3,292
3,44,2.0e-3,286
1,45,2.0e-3,262
2,45,2.0e-3,295
3,45,2.0e-3,296
1,46,2.0e-3,258
2,46,2.0e-3,305
3,46,2.0e-3,299
1,47,2.0e-3,267
2,47,2.0e-3,295
3,47,2.0e-3,299
1,48,2.0e-3,256
2,48,2.0e-3,306
3,48,2.0e-3,306
1,49,2.0e-3,263
2,49,2.0e-3,304
3,49,2.0e-3,290
1,50,2.0e-3,265
2,50,2.0e-3,298
3,50,2.0e-3,304
1,51,2.0e-3,265
2,51,2.0e-3,318
3,51,2.0e-3,303
1,52,2.0e-3,266
2,52,2.0e-3,312
3,52,2.0e-3,297
1,53,2.0e-3,274
2,53,2.0e-3,316
3,53,2.0e-3,302
1,54,2.0e-3,266
2,54,2.0e-3,312
3,54,2.0e-3,313
1,55,2.0e-3,275
2,55,2.0e-3,309
3,55,2.0e-3,309
1,56,2.0e-3,273
2,56,2.0e-3,313
3,56,2.0e-3,290
1,57,2.0e-3,276
2,57,2.0e-3,321
3,57,2.0e-3,304
1,58,2.0e-3,283
2,58,2.0e-3,306
3,58,2.0e-3,318
1,59,2.0e-3,270
2,59,2.0e-3,330
3,59,2.0e-3,291
1,60,2.0e-3,290
2,60,2.0e-3,327
3,60,2.0e-3,314
1,61,2.0e-3,283
2,61,2.0e-3,314
3,61,2.0e-3,309
1,62,2.0e-3,294
2,62,2.0e-3,336
3,62,2.0e-3,327
1,63,2.0e-3,271
2,63,2.0e-3,325
3,63,2.0e-3,314
1,64,2.0e-3,300
2,64,2.0e-3,333
3,64,2.0e-3,339
1,65,2.0e-3,298
2,65,2.0e-3,358
3,65,2.0e-3,326
1,66,2.0e-3,312
2,66,2.0e-3,335
3,66,2.0e-3,341
1,67,2.0e-3,299
2,67,2.0e-3,367
3,67,2.0e-3,341
1,68,2.0e-3,304
2,68,2.0e-3,352
3,68,2.0e-3,362
1,69,2.0e-3,316
2,69,2.0e-3,387
3,69,2.0e-3,364
1,70,2.0e-3,320
2,70,2.0e-3,376
3,70,2.0e-3,355
1,71,2.0e-3,342
2,71,2.0e-3,385
3,71,2.0e-3,374
1,72,2.0e-3,352
2,72,2.0e-3,382
3,72,2.0e-3,384
1,73,2.0e-3,340
2,73,2.0e-3,387
3,73,2.0e-3,374
1,74,2.0e-3,338
2,74,2.0e-3,393
3,74,2.0e-3,387
1,75,2.0e-3,356
2,75,2.0e-3,391
3,75,2.0e-3,400
1,76,2.0e-3,346
2,76,2.0e-3,411
3,76,2.0e-3,401
1,77,2.0e-3,353
2,77,2.0e-3,412
3,77,2.0e-3,421
1,78,2.0e-3,364
2,78,2.0e-3,418
3,78,2.0e-3,413
1,79,2.0e-3,369
2,79,2.0e-3,429
3,79,2.0e-3,414
1,80,2.0e-3,384
2,80,2.0e-3,430
3,80,2.0e-3,436
1,81,2.0e-3,392
2,81,2.0e-3,432
3,81,2.0e-3,499
1,82,2.0e-3,508
2,82,2.0e-3,477
3,82,2.0e-3,461
1,83,2.0e-3,413
2,83,2.0e-3,447
3,83,2.0e-3,446
1,84,2.0e-3,401
2,84,2.0e-3,451
3,84,2.0e-3,455
1,85,2.0e-3,403
2,85,2.0e-3,470
3,85,2.0e-3,458
1,86,2.0e-3,415
2,86,2.0e-3,458
3,86,2.0e-3,465
1,87,2.0e-3,416
2,87,2.0e-3,475
3,87,2.0e-3,469
1,88,2.0e-3,463
2,88,2.0e-3,470
3,88,2.0e-3,491
1,89,2.0e-3,429
2,89,2.0e-3,489
3,89,2.0e-3,491
1,90,2.0e-3,443
2,90,2.0e-3,488
3,90,2.0e-3,477
1,91,2.0e-3,449
2,91,2.0e-3,518
3,91,2.0e-3,517
1,92,2.0e-3,443
2,92,2.0e-3,505
3,92,2.0e-3,476
1,93,2.0e-3,449
2,93,2.0e-3,504
3,93,2.0e-3,504
1,94,2.0e-3,472
2,94,2.0e-3,514
3,94,2.0e-3,529
1,95,2.0e-3,465
2,95,2.0e-3,513
3,95,2.0e-3,541
1,96,2.0e-3,476
2,96,2.0e-3,522
3,96,2.0e-3,528
1,97,2.0e-3,485
2,97,2.0e-3,541
3,97,2.0e-3,529
1,98,2.0e-3,481
2,98,2.0e-3,574
3,98,2.0e-3,539
1,99,2.0e-3,498
2,99,2.0e-3,550
3,99,2.0e-3,562
1,100,2.0e-3,496
2,100,2.0e-3,549
3,100,2.0e-3,569
1,101,2.0e-3,509
2,101,2.0e-3,556
3,101,2.0e-3,562
1,102,2.0e-3,500
2,102,2.0e-3,560
3,102,2.0e-3,561
1,103,2.0e-3,522
2,103,2.0e-3,599
3,103,2.0e-3,570
1,104,2.0e-3,527
2,104,2.0e-3,580
3,104,2.0e-3,584
1,105,2.0e-3,531
2,105,2.0e-3,602
3,105,2.0e-3,590
1,106,2.0e-3,535
2,106,2.0e-3,592
3,106,2.0e-3,612
1,107,2.0e-3,570
2,107,2.0e-3,595
3,107,2.0e-3,639
1,108,2.0e-3,572
2,108,2.0e-3,606
3,108,2.0e-3,631
1,109,2.0e-3,560
2,109,2.0e-3,597
3,109,2.0e-3,606
1,110,2.0e-3,566
2,110,2.0e-3,610
3,110,2.0e-3,634
1,111,2.0e-3,572
2,111,2.0e-3,618
3,111,2.0e-3,631
1,112,2.0e-3,582
2,112,2.0e-3,618
3,112,2.0e-3,641
1,113,2.0e-3,582
2,113,2.0e-3,631
3,113,2.0e-3,639
1,114,2.0e-3,589
2,114,2.0e-3,661
3,114,2.0e-3,638
1,115,2.0e-3,593
2,115,2.0e-3,638
3,115,2.0e-3,702
1,116,2.0e-3,595
2,116,2.0e-3,661
3,116,2.0e-3,688
1,117,2.0e-3,627
2,117,2.0e-3,658
3,117,2.0e-3,690
1,118,2.0e-3,617
2,118,2.0e-3,687
3,118,2.0e-3,706
1,119,2.0e-3,617
2,119,2.0e-3,677
3,119,2.0e-3,634
1,120,2.0e-3,604
2,120,2.0e-3,760
3,120,2.0e-3,665
1,121,2.0e-3,645
2,121,2.0e-3,700
3,121,2.0e-3,760
1,122,2.0e-3,708
2,122,2.0e-3,702
3,122,2.0e-3,669
1,123,2.0e-3,656
2,123,2.0e-3,689
3,123,2.0e-3,736
1,124,2.0e-3,665
2,124,2.0e-3,718
3,124,2.0e-3,696
1,125,2.0e-3,658
2,125,2.0e-3,729
3,125,2.0e-3,757
1,126,2.0e-3,717
2,126,2.0e-3,693
3,126,2.0e-3,716
1,127,2.0e-3,692
2,127,2.0e-3,767
3,127,2.0e-3,761
1,128,2.0e-3,715
2,128,2.0e-3,709
3,128,2.0e-3,780
1,129,2.0e-3,695
2,129,2.0e-3,782
3,129,2.0e-3,766
1,130,2.0e-3,712
2,130,2.0e-3,760
3,130,2.0e-3,797
1,131,2.0e-3,710
2,131,2.0e-3,778
3,131,2.0e-3,778
1,132,2.0e-3,731
2,132,2.0e-3,789
3,132,2.0e-3,793
1,133,2.0e-3,755
2,133,2.0e-3,765
3,133,2.0e-3,817
1,134,2.0e-3,733
2,134,2.0e-3,741
3,134,2.0e-3,875
1,135,2.0e-3,783
2,135,2.0e-3,827
3,135,2.0e-3,833
1,136,2.0e-3,760
2,136,2.0e-3,827
3,136,2.0e-3,861
1,137,2.0e-3,754
2,137,2.0e-3,787
3,137,2.0e-3,869
1,138,2.0e-3,754
2,138,2.0e-3,816
3,138,2.0e-3,826
1,139,2.0e-3,757
2,139,2.0e-3,851
3,139,2.0e-3,819
1,140,2.0e-3,774
2,140,2.0e-3,838
3,140,2.0e-3,848
1,141,2.0e-3,846
2,141,2.0e-3,835
3,141,2.0e-3,877
1,142,2.0e-3,800
2,142,2.0e-3,846
3,142,2.0e-3,878
1,143,2.0e-3,831
2,143,2.0e-3,877
3,143,2.0e-3,881
1,144,2.0e-3,846
2,144,2.0e-3,875
3,144,2.0e-3,903
1,145,2.0e-3,796
2,145,2.0e-3,877
3,145,2.0e-3,887
1,146,2.0e-3,809
2,146,2.0e-3,877
3,146,2.0e-3,917
1,147,2.0e-3,830
2,147,2.0e-3,873
3,147,2.0e-3,914
1,148,2.0e-3,881
2,148,2.0e-3,897
3,148,2.0e-3,884
1,149,2.0e-3,863
2,149,2.0e-3,898
3,149,2.0e-3,888
1,150,2.0e-3,852
2,150,2.0e-3,890
3,150,2.0e-3,917
1,151,2.0e-3,867
2,151,2.0e-3,936
3,151,2.0e-3,945
1,152,2.0e-3,890
2,152,2.0e-3,909
3,152,2.0e-3,935
1,153,2.0e-3,864
2,153,2.0e-3,965
3,153,2.0e-3,959
1,154,2.0e-3,904
2,154,2.0e-3,920
3,154,2.0e-3,967
1,155,2.0e-3,902
2,155,2.0e-3,972
3,155,2.0e-3,959
1,156,2.0e-3,907
2,156,2.0e-3,966
3,156,2.0e-3,945
1,157,2.0e-3,924
2,157,2.0e-3,933
3,157,2.0e-3,971
1,158,2.0e-3,944
2,158,2.0e-3,948
3,158,2.0e-3,973
1,159,2.0e-3,960
2,159,2.0e-3,966
3,159,2.0e-3,996
1,160,2.0e-3,940
2,160,2.0e-3,942
3,160,2.0e-3,985
1,161,2.0e-3,971
2,161,2.0e-3,993
3,161,2.0e-3,1001
1,162,2.0e-3,946
2,162,2.0e-3,1004
3,162,2.0e-3,979
1,163,2.0e-3,986
2,163,2.0e-3,1033
3,163,2.0e-3,1028
1,164,2.0e-3,980
2,164,2.0e-3,991
3,164,2.0e-3,971
1,165,2.0e-3,1034
2,165,2.0e-3,1030
3,165,2.0e-3,1028
1,166,2.0e-3,982
2,166,2.0e-3,1013
3,166,2.0e-3,1027
1,167,2.0e-3,1038
2,167,2.0e-3,1034
3,167,2.0e-3,1066
1,168,2.0e-3,1005
2,168,2.0e-3,1059
3,168,2.0e-3,1075
1,169,2.0e-3,1000
2,169,2.0e-3,1051
3,169,2.0e-3,1046
1,170,2.0e-3,1024
2,170,2.0e-3,1062
3,170,2.0e-3,1028
1,171,2.0e-3,1071
2,171,2.0e-3,1219
3,171,2.0e-3,1062
1,172,2.0e-3,1097
2,172,2.0e-3,1045
3,172,2.0e-3,1116
1,173,2.0e-3,1072
2,173,2.0e-3,1082
3,173,2.0e-3,1065
1,174,2.0e-3,1076
2,174,2.0e-3,1085
3,174,2.0e-3,1075
1,175,2.0e-3,1099
2,175,2.0e-3,1096
3,175,2.0e-3,1065
1,176,2.0e-3,1093
2,176,2.0e-3,1075
3,176,2.0e-3,1153
1,177,2.0e-3,1100
2,177,2.0e-3,1230
3,177,2.0e-3,1189
1,178,2.0e-3,1199
2,178,2.0e-3,1191
3,178,2.0e-3,1243
1,179,2.0e-3,1170
2,179,2.0e-3,1187
3,179,2.0e-3,1181
1,180,2.0e-3,1127
2,180,2.0e-3,1179
3,180,2.0e-3,1165
1,181,2.0e-3,1143
2,181,2.0e-3,1135
3,181,2.0e-3,1148
1,182,2.0e-3,1133
2,182,2.0e-3,1147
3,182,2.0e-3,1187
1,183,2.0e-3,1158
2,183,2.0e-3,1132
3,183,2.0e-3,1172
1,184,2.0e-3,1148
2,184,2.0e-3,1176
3,184,2.0e-3,1187
1,185,2.0e-3,1184
2,185,2.0e-3,1172
3,185,2.0e-3,1198
1,186,2.0e-3,1222
2,186,2.0e-3,1147
3,186,2.0e-3,1184
1,187,2.0e-3,1183
2,187,2.0e-3,1190
3,187,2.0e-3,1219
1,188,2.0e-3,1237
2,188,2.0e-3,1162
3,188,2.0e-3,1245
1,189,2.0e-3,1203
2,189,2.0e-3,1198
3,189,2.0e-3,1218
1,190,2.0e-3,1203
2,190,2.0e-3,1240
3,190,2.0e-3,1231
1,191,2.0e-3,1244
2,191,2.0e-3,1220
3,191,2.0e-3,1208
1,192,2.0e-3,1231
2,192,2.0e-3,1214
3,192,2.0e-3,1231
1,193,2.0e-3,1248
2,193,2.0e-3,1227
3,193,2.0e-3,1249
1,194,2.0e-3,1283
2,194,2.0e-3,1155
3,194,2.0e-3,1257
1,195,2.0e-3,1260
2,195,2.0e-3,1279
3,195,2.0e-3,1290
1,196,2.0e-3,1293
2,196,2.0e-3,1258
3,196,2.0e-3,1273
1,197,2.0e-3,1290
2,197,2.0e-3,1238
3,197,2.0e-3,1252
1,198,2.0e-3,1316
2,198,2.0e-3,1318
3,198,2.0e-3,1309
1,199,2.0e-3,1307
2,199,2.0e-3,1261
3,199,2.0e-3,1299
1,200,2.0e-3,1405
2,200,2.0e-3,1391
3,200,2.0e-3,1426
1,201,2.0e-3,1434
2,201,2.0e-3,1403
3,201,2.0e-3,1431
1,202,2.0e-3,1373
2,202,2.0e-3,1343
3,202,2.0e-3,1319
1,203,2.0e-3,1366
2,203,2.0e-3,1325
3,203,2.0e-3,3539
1,204,2.0e-3,3085
2,204,2.0e-3,2767
3,204,2.0e-3,2530
1,205,2.0e-3,2527
2,205,2.0e-3,2184
3,205,2.0e-3,2143
1,206,2.0e-3,2115
2,206,2.0e-3,1942
3,206,2.0e-3,1839
1,207,2.0e-3,1910
2,207,2.0e-3,1723
3,207,2.0e-3,1750
1,208,2.0e-3,1649
2,208,2.0e-3,1560
3,208,2.0e-3,1516
1,209,2.0e-3,1505
2,209,2.0e-3,1454
3,209,2.0e-3,1415
1,210,2.0e-3,1399
2,210,2.0e-3,1383
3,210,2.0e-3,1421
1,211,2.0e-3,1412
2,211,2.0e-3,1371
3,211,2.0e-3,1350
1,212,2.0e-3,1416
2,212,2.0e-3,1403
3,212,2.0e-3,1393
1,213,2.0e-3,1481
2,213,2.0e-3,1392
3,213,2.0e-3,1387
1,214,2.0e-3,1424
2,214,2.0e-3,1483
3,214,2.0e-3,1412
1,215,2.0e-3,1432
2,215,2.0e-3,1417
3,215,2.0e-3,1459
1,216,2.0e-3,1448
2,216,2.0e-3,1421
3,216,2.0e-3,1474
1,217,2.0e-3,1496
2,217,2.0e-3,1411
3,217,2.0e-3,1419
1,218,2.0e-3,1490
2,218,2.0e-3,1398
3,218,2.0e-3,1448
1,219,2.0e-3,1551
2,219,2.0e-3,1565
3,219,2.0e-3,1444
1,220,2.0e-3,1520
2,220,2.0e-3,1420
3,220,2.0e-3,1412
1,221,2.0e-3,1519
2,221,2.0e-3,1427
3,221,2.0e-3,1526
1,222,2.0e-3,1519
2,222,2.0e-3,1437
3,222,2.0e-3,1473
1,223,2.0e-3,1528
2,223,2.0e-3,1443
3,223,2.0e-3,1492
1,224,2.0e-3,1534
2,224,2.0e-3,1457
3,224,2.0e-3,1464
1,225,2.0e-3,1566
2,225,2.0e-3,1460
3,225,2.0e-3,1486
1,226,2.0e-3,1575
2,226,2.0e-3,1490
3,226,2.0e-3,1501
1,227,2.0e-3,1586
2,227,2.0e-3,1482
3,227,2.0e-3,1511
1,228,2.0e-3,1566
2,228,2.0e-3,1484
3,228,2.0e-3,1517
1,229,2.0e-3,1601
2,229,2.0e-3,1494
3,229,2.0e-3,1529
1,230,2.0e-3,1606
2,230,2.0e-3,1506
3,230,2.0e-3,1540
1,231,2.0e-3,1623
2,231,2.0e-3,1528
3,231,2.0e-3,1565
1,232,2.0e-3,1622
2,232,2.0e-3,1496
3,232,2.0e-3,1601
1,233,2.0e-3,1620
2,233,2.0e-3,1500
3,233,2.0e-3,1666
1,234,2.0e-3,1654
2,234,2.0e-3,1556
3,234,2.0e-3,1480
1,235,2.0e-3,1705
2,235,2.0e-3,1525
3,235,2.0e-3,1600
1,236,2.0e-3,1670
2,236,2.0e-3,1569
3,236,2.0e-3,1666
1,237,2.0e-3,1691
2,237,2.0e-3,1580
3,237,2.0e-3,1557
1,238,2.0e-3,1694
2,238,2.0e-3,1524
3,238,2.0e-3,1642
1,239,2.0e-3,1715
2,239,2.0e-3,1608
3,239,2.0e-3,1781
1,240,2.0e-3,1735
2,240,2.0e-3,1638
3,240,2.0e-3,1581
1,241,2.0e-3,1723
2,241,2.0e-3,1575
3,241,2.0e-3,1670
1,242,2.0e-3,1746
2,242,2.0e-3,1626
3,242,2.0e-3,1639
1,243,2.0e-3,1779
2,243,2.0e-3,1665
3,243,2.0e-3,1716
1,244,2.0e-3,1802
2,244,2.0e-3,1612
3,244,2.0e-3,1675
1,245,2.0e-3,1743
2,245,2.0e-3,1677
3,245,2.0e-3,1642
1,246,2.0e-3,1754
2,246,2.0e-3,1660
3,246,2.0e-3,1664
1,247,2.0e-3,1801
2,247,2.0e-3,1691
3,247,2.0e-3,1718
1,248,2.0e-3,1787
2,248,2.0e-3,1638
3,248,2.0e-3,1665
1,249,2.0e-3,1815
2,249,2.0e-3,1658
3,249,2.0e-3,1739
1,250,2.0e-3,1843
2,250,2.0e-3,1667
3,250,2.0e-3,1718
1,251,2.0e-3,1812
2,251,2.0e-3,1659
3,251,2.0e-3,1726
1,252,2.0e-3,1834
2,252,2.0e-3,1683
3,252,2.0e-3,1723
1,253,2.0e-3,1840
2,253,2.0e-3,1689
3,253,2.0e-3,1722
1,254,2.0e-3,1914
2,254,2.0e-3,1643
3,254,2.0e-3,1759
1,255,2.0e-3,1900
2,255,2.0e-3,1669
3,255,2.0e-3,1789
1,256,2.0e-3,1907
2,256,2.0e-3,1767
3,256,2.0e-3,1764
1,257,2.0e-3,1891
2,257,2.0e-3,1732
3,257,2.0e-3,1789
1,258,2.0e-3,1891
2,258,2.0e-3,1647
3,258,2.0e-3,1781
1,259,2.0e-3,1985
2,259,2.0e-3,1886
3,259,2.0e-3,1806
1,260,2.0e-3,1918
2,260,2.0e-3,1794
3,260,2.0e-3,1797
1,261,2.0e-3,1948
2,261,2.0e-3,1798
3,261,2.0e-3,1828
1,262,2.0e-3,1926
2,262,2.0e-3,1751
3,262,2.0e-3,1840
1,263,2.0e-3,1969
2,263,2.0e-3,1801
3,263,2.0e-3,1853
1,264,2.0e-3,1969
2,264,2.0e-3,1808
3,264,2.0e-3,1831
1,265,2.0e-3,1983
2,265,2.0e-3,1813
3,265,2.0e-3,1823
1,266,2.0e-3,2023
2,266,2.0e-3,1849
3,266,2.0e-3,1851
1,267,2.0e-3,1980
2,267,2.0e-3,1779
3,267,2.0e-3,1826
1,268,2.0e-3,2019
2,268,2.0e-3,1828
3,268,2.0e-3,1823
1,269,2.0e-3,2013
2,269,2.0e-3,1880
3,269,2.0e-3,1867
1,270,2.0e-3,2100
2,270,2.0e-3,1819
3,270,2.0e-3,1894
1,271,2.0e-3,2045
2,271,2.0e-3,1807
3,271,2.0e-3,1842
1,272,2.0e-3,2017
2,272,2.0e-3,1831
3,272,2.0e-3,1881
1,273,2.0e-3,2067
2,273,2.0e-3,1872
3,273,2.0e-3,1848
1,274,2.0e-3,2044
2,274,2.0e-3,1877
3,274,2.0e-3,1869
1,275,2.0e-3,2099
2,275,2.0e-3,1816
3,275,2.0e-3,1939
1,276,2.0e-3,2182
2,276,2.0e-3,1858
3,276,2.0e-3,1954
1,277,2.0e-3,2084
2,277,2.0e-3,1861
3,277,2.0e-3,1941
1,278,2.0e-3,2218
2,278,2.0e-3,1987
3,278,2.0e-3,1947
1,279,2.0e-3,2116
2,279,2.0e-3,1905
3,279,2.0e-3,1976
1,280,2.0e-3,2104
2,280,2.0e-3,1963
3,280,2.0e-3,1959
1,281,2.0e-3,2130
2,281,2.0e-3,1933
3,281,2.0e-3,1976
1,282,2.0e-3,2196
2,282,2.0e-3,1961
3,282,2.0e-3,1973
1,283,2.0e-3,2262
2,283,2.0e-3,1948
3,283,2.0e-3,2002
1,284,2.0e-3,2227
2,284,2.0e-3,1937
3,284,2.0e-3,1973
1,285,2.0e-3,2254
2,285,2.0e-3,1985
3,285,2.0e-3,2032
1,286,2.0e-3,2226
2,286,2.0e-3,2000
3,286,2.0e-3,2025
1,287,2.0e-3,2287
2,287,2.0e-3,1963
3,287,2.0e-3,2005
1,288,2.0e-3,2255
2,288,2.0e-3,1958
3,288,2.0e-3,2030
1,289,2.0e-3,2265
2,289,2.0e-3,1997
3,289,2.0e-3,2135
1,290,2.0e-3,2285
2,290,2.0e-3,2010
3,290,2.0e-3,1922
1,291,2.0e-3,2301
2,291,2.0e-3,1987
3,291,2.0e-3,2057
1,292,2.0e-3,2283
2,292,2.0e-3,2087
3,292,2.0e-3,2238
1,293,2.0e-3,2310
2,293,2.0e-3,2081
3,293,2.0e-3,2153
1,294,2.0e-3,2356
2,294,2.0e-3,2080
3,294,2.0e-3,2057
1,295,2.0e-3,2352
2,295,2.0e-3,2023
3,295,2.0e-3,2018
1,296,2.0e-3,2345
2,296,2.0e-3,2038
3,296,2.0e-3,2083
1,297,2.0e-3,2351
2,297,2.0e-3,2063
3,297,2.0e-3,2113
1,298,2.0e-3,2333
2,298,2.0e-3,2014
3,298,2.0e-3,2125
1,299,2.0e-3,2392
2,299,2.0e-3,2048
3,299,2.0e-3,2173
1,300,2.0e-3,2360
2,300,2.0e-3,2056
3,300,2.0e-3,2161
1,301,2.0e-3,2436
2,301,2.0e-3,2062
3,301,2.0e-3,2176
1,302,2.0e-3,2430
2,302,2.0e-3,2115
3,302,2.0e-3,2147
1,303,2.0e-3,2448
2,303,2.0e-3,2085
3,303,2.0e-3,2202
1,304,2.0e-3,2412
2,304,2.0e-3,2122
3,304,2.0e-3,2143
1,305,2.0e-3,2419
2,305,2.0e-3,2118
3,305,2.0e-3,2233
1,306,2.0e-3,2481
2,306,2.0e-3,2151
3,306,2.0e-3,2218
1,307,2.0e-3,2534
2,307,2.0e-3,2169
3,307,2.0e-3,2186
1,308,2.0e-3,2511
2,308,2.0e-3,2159
3,308,2.0e-3,2216
1,309,2.0e-3,2433
2,309,2.0e-3,2159
3,309,2.0e-3,2183
1,310,2.0e-3,2491
2,310,2.0e-3,2143
3,310,2.0e-3,2197
1,311,2.0e-3,2525
2,311,2.0e-3,2171
3,311,2.0e-3,2228
1,312,2.0e-3,2527
2,312,2.0e-3,2184
3,312,2.0e-3,2208
1,313,2.0e-3,2596
2,313,2.0e-3,2218
3,313,2.0e-3,2242
1,314,2.0e-3,2557
2,314,2.0e-3,2260
3,314,2.0e-3,2306
1,315,2.0e-3,2634
2,315,2.0e-3,2183
3,315,2.0e-3,2257
1,316,2.0e-3,2548
2,316,2.0e-3,2243
3,316,2.0e-3,2297
1,317,2.0e-3,2624
2,317,2.0e-3,2231
3,317,2.0e-3,2299
1,318,2.0e-3,2594
2,318,2.0e-3,2234
3,318,2.0e-3,2347
1,319,2.0e-3,2592
2,319,2.0e-3,2088
3,319,2.0e-3,2274
1,320,2.0e-3,2610
2,320,2.0e-3,2192
3,320,2.0e-3,2304
1,321,2.0e-3,2664
2,321,2.0e-3,2343
3,321,2.0e-3,2389
1,322,2.0e-3,2683
2,322,2.0e-3,2252
3,322,2.0e-3,2395
1,323,2.0e-3,2685
2,323,2.0e-3,2239
3,323,2.0e-3,2363
1,324,2.0e-3,2683
2,324,2.0e-3,2221
3,324,2.0e-3,2329
1,325,2.0e-3,2700
2,325,2.0e-3,2241
3,325,2.0e-3,2372
1,326,2.0e-3,2685
2,326,2.0e-3,2316
3,326,2.0e-3,2322
1,327,2.0e-3,2683
2,327,2.0e-3,2353
3,327,2.0e-3,2373
1,328,2.0e-3,2736
2,328,2.0e-3,2368
3,328,2.0e-3,2353
1,329,2.0e-3,2711
2,329,2.0e-3,2256
3,329,2.0e-3,2519
1,330,2.0e-3,2749
2,330,2.0e-3,2263
3,330,2.0e-3,2346
1,331,2.0e-3,2803
2,331,2.0e-3,2310
3,331,2.0e-3,2398
1,332,2.0e-3,2758
2,332,2.0e-3,2276
3,332,2.0e-3,2406
1,333,2.0e-3,2800
2,333,2.0e-3,2307
3,333,2.0e-3,2443
1,334,2.0e-3,2909
2,334,2.0e-3,2384
3,334,2.0e-3,2505
1,335,2.0e-3,2864
2,335,2.0e-3,2368
3,335,2.0e-3,2480
1,336,2.0e-3,2833
2,336,2.0e-3,2362
3,336,2.0e-3,2453
1,337,2.0e-3,2842
2,337,2.0e-3,2365
3,337,2.0e-3,2454
1,338,2.0e-3,2836
2,338,2.0e-3,2379
3,338,2.0e-3,2447
1,339,2.0e-3,2840
2,339,2.0e-3,2359
3,339,2.0e-3,2527
1,340,2.0e-3,2903
2,340,2.0e-3,2431
3,340,2.0e-3,2478
1,341,2.0e-3,2907
2,341,2.0e-3,2388
3,341,2.0e-3,2525
1,342,2.0e-3,2920
2,342,2.0e-3,2450
3,342,2.0e-3,2468
1,343,2.0e-3,2972
2,343,2.0e-3,2423
3,343,2.0e-3,2555
1,344,2.0e-3,2958
2,344,2.0e-3,2432
3,344,2.0e-3,2580
1,345,2.0e-3,2955
2,345,2.0e-3,2403
3,345,2.0e-3,2503
1,346,2.0e-3,2926
2,346,2.0e-3,2410
3,346,2.0e-3,2483
1,347,2.0e-3,3001
2,347,2.0e-3,2654
3,347,2.0e-3,2593
1,348,2.0e-3,2948
2,348,2.0e-3,2485
3,348,2.0e-3,2539
1,349,2.0e-3,3033
2,349,2.0e-3,2477
3,349,2.0e-3,2578
1,350,2.0e-3,2994
2,350,2.0e-3,2444
3,350,2.0e-3,2514
1,351,2.0e-3,3054
2,351,2.0e-3,2484
3,351,2.0e-3,2598
1,352,2.0e-3,3043
2,352,2.0e-3,2538
3,352,2.0e-3,2431
1,353,2.0e-3,3022
2,353,2.0e-3,2500
3,353,2.0e-3,2470
1,354,2.0e-3,3004
2,354,2.0e-3,2523
3,354,2.0e-3,2628
1,355,2.0e-3,3070
2,355,2.0e-3,2460
3,355,2.0e-3,2512
1,356,2.0e-3,3095
2,356,2.0e-3,2483
3,356,2.0e-3,2518
1,357,2.0e-3,3111
2,357,2.0e-3,2503
3,357,2.0e-3,2583
1,358,2.0e-3,3087
2,358,2.0e-3,2508
3,358,2.0e-3,2546
1,359,2.0e-3,3255
2,359,2.0e-3,2516
3,359,2.0e-3,2623
1,360,2.0e-3,3193
2,360,2.0e-3,2556
3,360,2.0e-3,2548
1,361,2.0e-3,3161
2,361,2.0e-3,2508
3,361,2.0e-3,2592
1,362,2.0e-3,3156
2,362,2.0e-3,2478
3,362,2.0e-3,2571
1,363,2.0e-3,3143
2,363,2.0e-3,2507
3,363,2.0e-3,2579
1,364,2.0e-3,3094
2,364,2.0e-3,2558
3,364,2.0e-3,2594
1,365,2.0e-3,3133
2,365,2.0e-3,2585
3,365,2.0e-3,2622
1,366,2.0e-3,3213
2,366,2.0e-3,2545
3,366,2.0e-3,2656
1,367,2.0e-3,3301
2,367,2.0e-3,2678
3,367,2.0e-3,2694
1,368,2.0e-3,3358
2,368,2.0e-3,2561
3,368,2.0e-3,2664
1,369,2.0e-3,3215
2,369,2.0e-3,2556
3,369,2.0e-3,2657
1,370,2.0e-3,3270
2,370,2.0e-3,2547
3,370,2.0e-3,2732
1,371,2.0e-3,3304
2,371,2.0e-3,2715
3,371,2.0e-3,2671
1,372,2.0e-3,3376
2,372,2.0e-3,2549
3,372,2.0e-3,2773
1,373,2.0e-3,3304
2,373,2.0e-3,2600
3,373,2.0e-3,2749
1,374,2.0e-3,3339
2,374,2.0e-3,2646
3,374,2.0e-3,2771
1,375,2.0e-3,3349
2,375,2.0e-3,2705
3,375,2.0e-3,2777
1,376,2.0e-3,3375
2,376,2.0e-3,2702
3,376,2.0e-3,2788
1,377,2.0e-3,3379
2,377,2.0e-3,2619
3,377,2.0e-3,2802
1,378,2.0e-3,3426
2,378,2.0e-3,2698
3,378,2.0e-3,2788
1,379,2.0e-3,3441
2,379,2.0e-3,2712
3,379,2.0e-3,2807
1,380,2.0e-3,3384
2,380,2.0e-3,2746
3,380,2.0e-3,2821
1,381,2.0e-3,3383
2,381,2.0e-3,2764
3,381,2.0e-3,2865
1,382,2.0e-3,3574
2,382,2.0e-3,2793
3,382,2.0e-3,2830
1,383,2.0e-3,3472
2,383,2.0e-3,2772
3,383,2.0e-3,2860
1,384,2.0e-3,3440
2,384,2.0e-3,2706
3,384,2.0e-3,2892
1,385,2.0e-3,3472
2,385,2.0e-3,2725
3,385,2.0e-3,2909
1,386,2.0e-3,3560
2,386,2.0e-3,2768
3,386,2.0e-3,2906
1,387,2.0e-3,3572
2,387,2.0e-3,2746
3,387,2.0e-3,2894
1,388,2.0e-3,3575
2,388,2.0e-3,2741
3,388,2.0e-3,2854
1,389,2.0e-3,3562
2,389,2.0e-3,2810
3,389,2.0e-3,2976
1,390,2.0e-3,3561
2,390,2.0e-3,2759
3,390,2.0e-3,2875
1,391,2.0e-3,3644
2,391,2.0e-3,2755
3,391,2.0e-3,2956
1,392,2.0e-3,3618
2,392,2.0e-3,2741
3,392,2.0e-3,2935
1,393,2.0e-3,3771
2,393,2.0e-3,2784
3,393,2.0e-3,2946
1,394,2.0e-3,3611
2,394,2.0e-3,2827
3,394,2.0e-3,2942
1,395,2.0e-3,3610
2,395,2.0e-3,2797
3,395,2.0e-3,2976
1,396,2.0e-3,3574
2,396,2.0e-3,2757
3,396,2.0e-3,2964
1,397,2.0e-3,3662
2,397,2.0e-3,2794
3,397,2.0e-3,2944
1,398,2.0e-3,3719
2,398,2.0e-3,2821
3,398,2.0e-3,2935
1,399,2.0e-3,3747
2,399,2.0e-3,2847
3,399,2.0e-3,2956
1,400,2.0e-3,3764
2,400,2.0e-3,2862
3,400,2.0e-3,2988
1,401,2.0e-3,3746
2,401,2.0e-3,2891
3,401,2.0e-3,3007
1,402,2.0e-3,3683
2,402,2.0e-3,2854
3,402,2.0e-3,3063
1,403,2.0e-3,3800
2,403,2.0e-3,2879
3,403,2.0e-3,2987
1,404,2.0e-3,3733
2,404,2.0e-3,2867
3,404,2.0e-3,2935
1,405,2.0e-3,3700
2,405,2.0e-3,2879
3,405,2.0e-3,3064
1,406,2.0e-3,3727
2,406,2.0e-3,2842
3,406,2.0e-3,3106
1,407,2.0e-3,3855
2,407,2.0e-3,2888
3,407,2.0e-3,3123
1,408,2.0e-3,3779
2,408,2.0e-3,2905
3,408,2.0e-3,3028
1,409,2.0e-3,3761
2,409,2.0e-3,2920
3,409,2.0e-3,3096
1,410,2.0e-3,3826
2,410,2.0e-3,2953
3,410,2.0e-3,3099
1,411,2.0e-3,3905
2,411,2.0e-3,2990
3,411,2.0e-3,3152
1,412,2.0e-3,3935
2,412,2.0e-3,2893
3,412,2.0e-3,3059
1,413,2.0e-3,3913
2,413,2.0e-3,2956
3,413,2.0e-3,3284
1,414,2.0e-3,3961
2,414,2.0e-3,2977
3,414,2.0e-3,3118
1,415,2.0e-3,3897
2,415,2.0e-3,2987
3,415,2.0e-3,3160
1,416,2.0e-3,3927
2,416,2.0e-3,2913
3,416,2.0e-3,3155
1,417,2.0e-3,3870
2,417,2.0e-3,2936
3,417,2.0e-3,3175
1,418,2.0e-3,3904
2,418,2.0e-3,2992
3,418,2.0e-3,3108
1,419,2.0e-3,4015
2,419,2.0e-3,3093
3,419,2.0e-3,3188
1,420,2.0e-3,3920
2,420,2.0e-3,2949
3,420,2.0e-3,3188
1,421,2.0e-3,3921
2,421,2.0e-3,3023
3,421,2.0e-3,3190
1,422,2.0e-3,4003
2,422,2.0e-3,3065
3,422,2.0e-3,3287
1,423,2.0e-3,4045
2,423,2.0e-3,3007
3,423,2.0e-3,3264
1,424,2.0e-3,4081
2,424,2.0e-3,3030
3,424,2.0e-3,3166
1,425,2.0e-3,4114
2,425,2.0e-3,3121
3,425,2.0e-3,3217
1,426,2.0e-3,3958
2,426,2.0e-3,3068
3,426,2.0e-3,3187
1,427,2.0e-3,4107
2,427,2.0e-3,3095
3,427,2.0e-3,3221
1,428,2.0e-3,4162
2,428,2.0e-3,3083
3,428,2.0e-3,3282
1,429,2.0e-3,4137
2,429,2.0e-3,3155
3,429,2.0e-3,3280
1,430,2.0e-3,4204
2,430,2.0e-3,3110
3,430,2.0e-3,3244
1,431,2.0e-3,4049
2,431,2.0e-3,3142
3,431,2.0e-3,3299
1,432,2.0e-3,4187
2,432,2.0e-3,3132
3,432,2.0e-3,3445
1,433,2.0e-3,4257
2,433,2.0e-3,3187
3,433,2.0e-3,3314
1,434,2.0e-3,4080
2,434,2.0e-3,3140
3,434,2.0e-3,3267
1,435,2.0e-3,4141
2,435,2.0e-3,3195
3,435,2.0e-3,3317
1,436,2.0e-3,4155
2,436,2.0e-3,3157
3,436,2.0e-3,3304
1,437,2.0e-3,4303
2,437,2.0e-3,3128
3,437,2.0e-3,3338
1,438,2.0e-3,4282
2,438,2.0e-3,3121
3,438,2.0e-3,3259
1,439,2.0e-3,4264
2,439,2.0e-3,3224
3,439,2.0e-3,3319
1,440,2.0e-3,4184
2,440,2.0e-3,3191
3,440,2.0e-3,3318
1,441,2.0e-3,4156
2,441,2.0e-3,3381
3,441,2.0e-3,3380
1,442,2.0e-3,4255
2,442,2.0e-3,3115
3,442,2.0e-3,3383
1,443,2.0e-3,4340
2,443,2.0e-3,3122
3,443,2.0e-3,3392
1,444,2.0e-3,4292
2,444,2.0e-3,3244
3,444,2.0e-3,3408
1,445,2.0e-3,4393
2,445,2.0e-3,3162
3,445,2.0e-3,3438
1,446,2.0e-3,4394
2,446,2.0e-3,3207
3,446,2.0e-3,3433
1,447,2.0e-3,4380
2,447,2.0e-3,3310
3,447,2.0e-3,3447
1,448,2.0e-3,4498
2,448,2.0e-3,3288
3,448,2.0e-3,3455
1,449,2.0e-3,4432
2,449,2.0e-3,3245
3,449,2.0e-3,3455
1,450,2.0e-3,4272
2,450,2.0e-3,3273
3,450,2.0e-3,3500
1,451,2.0e-3,4758
2,451,2.0e-3,3284
3,451,2.0e-3,3535
1,452,2.0e-3,4453
2,452,2.0e-3,3283
3,452,2.0e-3,3406
1,453,2.0e-3,4554
2,453,2.0e-3,3315
3,453,2.0e-3,3453
1,454,2.0e-3,4526
2,454,2.0e-3,3310
3,454,2.0e-3,3572
1,455,2.0e-3,4542
2,455,2.0e-3,3415
3,455,2.0e-3,3521
1,456,2.0e-3,4647
2,456,2.0e-3,3295
3,456,2.0e-3,3494
1,457,2.0e-3,4550
2,457,2.0e-3,3293
3,457,2.0e-3,3548
1,458,2.0e-3,4655
2,458,2.0e-3,3292
3,458,2.0e-3,3473
1,459,2.0e-3,4649
2,459,2.0e-3,3416
3,459,2.0e-3,3497
1,460,2.0e-3,4511
2,460,2.0e-3,3440
3,460,2.0e-3,3565
1,461,2.0e-3,4605
2,461,2.0e-3,3393
3,461,2.0e-3,3587
1,462,2.0e-3,4691
2,462,2.0e-3,3451
3,462,2.0e-3,3562
1,463,2.0e-3,4646
2,463,2.0e-3,3432
3,463,2.0e-3,3524
1,464,2.0e-3,4710
2,464,2.0e-3,3440
3,464,2.0e-3,3497
1,465,2.0e-3,4699
2,465,2.0e-3,3449
3,465,2.0e-3,3584
1,466,2.0e-3,4646
2,466,2.0e-3,3506
3,466,2.0e-3,3528
1,467,2.0e-3,4678
2,467,2.0e-3,3458
3,467,2.0e-3,3656
1,468,2.0e-3,5018
2,468,2.0e-3,3602
3,468,2.0e-3,3650
1,469,2.0e-3,4765
2,469,2.0e-3,3493
3,469,2.0e-3,3728
1,470,2.0e-3,4841
2,470,2.0e-3,3568
3,470,2.0e-3,3713
1,471,2.0e-3,4850
2,471,2.0e-3,3590
3,471,2.0e-3,3672
1,472,2.0e-3,4719
2,472,2.0e-3,3472
3,472,2.0e-3,3714
1,473,2.0e-3,4909
2,473,2.0e-3,3595
3,473,2.0e-3,4013
1,474,2.0e-3,5169
2,474,2.0e-3,3668
3,474,2.0e-3,3712
1,475,2.0e-3,4921
2,475,2.0e-3,3703
3,475,2.0e-3,3804
1,476,2.0e-3,4913
2,476,2.0e-3,3537
3,476,2.0e-3,3751
1,477,2.0e-3,4809
2,477,2.0e-3,3548
3,477,2.0e-3,3728
1,478,2.0e-3,4737
2,478,2.0e-3,3542
3,478,2.0e-3,3746
1,479,2.0e-3,4819
2,479,2.0e-3,3516
3,479,2.0e-3,3759
1,480,2.0e-3,4889
2,480,2.0e-3,3568
3,480,2.0e-3,3756
1,481,2.0e-3,4841
2,481,2.0e-3,3561
3,481,2.0e-3,3772
1,482,2.0e-3,4798
2,482,2.0e-3,3558
3,482,2.0e-3,3760
1,483,2.0e-3,4911
2,483,2.0e-3,3547
3,483,2.0e-3,3842
1,484,2.0e-3,5132
2,484,2.0e-3,3651
3,484,2.0e-3,3829
1,485,2.0e-3,5036
2,485,2.0e-3,3632
3,485,2.0e-3,3828
1,486,2.0e-3,4972
2,486,2.0e-3,3688
3,486,2.0e-3,3897
1,487,2.0e-3,5072
2,487,2.0e-3,3643
3,487,2.0e-3,3868
1,488,2.0e-3,5036
2,488,2.0e-3,3627
3,488,2.0e-3,3859
1,489,2.0e-3,5054
2,489,2.0e-3,3633
3,489,2.0e-3,3926
1,490,2.0e-3,5113
2,490,2.0e-3,3596
3,490,2.0e-3,3909
1,491,2.0e-3,5053
2,491,2.0e-3,3789
3,491,2.0e-3,3895
1,492,2.0e-3,5356
2,492,2.0e-3,3752
3,492,2.0e-3,4051
1,493,2.0e-3,5149
2,493,2.0e-3,3631
3,493,2.0e-3,3967
1,494,2.0e-3,5033
2,494,2.0e-3,3684
3,494,2.0e-3,3948
1,495,2.0e-3,5244
2,495,2.0e-3,3563
3,495,2.0e-3,3946
1,496,2.0e-3,5226
2,496,2.0e-3,4070
3,496,2.0e-3,4315
1,497,2.0e-3,5406
2,497,2.0e-3,3882
3,497,2.0e-3,3980
1,498,2.0e-3,5185
2,498,2.0e-3,3733
3,498,2.0e-3,3963
1,499,2.0e-3,5200
2,499,2.0e-3,3834
3,499,2.0e-3,4182
1,500,2.0e-3,5362
2,500,2.0e-3,3679
3,500,2.0e-3,3988
1,501,2.0e-3,5119
2,501,2.0e-3,3738
3,501,2.0e-3,3973
1,502,2.0e-3,5244
2,502,2.0e-3,3643
3,502,2.0e-3,3938
1,503,2.0e-3,5228
2,503,2.0e-3,3601
3,503,2.0e-3,3994
1,504,2.0e-3,5361
2,504,2.0e-3,3742
3,504,2.0e-3,3958
1,505,2.0e-3,5152
2,505,2.0e-3,3737
3,505,2.0e-3,3948
1,506,2.0e-3,5432
2,506,2.0e-3,3822
3,506,2.0e-3,4152
1,507,2.0e-3,5310
2,507,2.0e-3,3754
3,507,2.0e-3,3977
1,508,2.0e-3,5455
2,508,2.0e-3,3670
3,508,2.0e-3,4078
1,509,2.0e-3,5400
2,509,2.0e-3,3701
3,509,2.0e-3,4033
1,510,2.0e-3,5423
2,510,2.0e-3,3669
3,510,2.0e-3,4095
1,511,2.0e-3,5494
2,511,2.0e-3,3756
3,511,2.0e-3,4036
1,512,2.0e-3,5514
2,512,2.0e-3,3692
3,512,2.0e-3,4102
1,513,2.0e-3,5782
2,513,2.0e-3,4057
3,513,2.0e-3,4154
1,514,2.0e-3,5538
2,514,2.0e-3,3968
3,514,2.0e-3,4289
1,515,2.0e-3,5869
2,515,2.0e-3,4027
3,515,2.0e-3,4173
1,516,2.0e-3,5668
2,516,2.0e-3,3844
3,516,2.0e-3,4006
1,517,2.0e-3,5543
2,517,2.0e-3,3807
3,517,2.0e-3,4152
1,518,2.0e-3,5630
2,518,2.0e-3,3750
3,518,2.0e-3,3939
1,519,2.0e-3,5495
2,519,2.0e-3,3743
3,519,2.0e-3,4210
1,520,2.0e-3,5669
2,520,2.0e-3,4360
3,520,2.0e-3,4384
1,521,2.0e-3,5867
2,521,2.0e-3,3908
3,521,2.0e-3,4345
1,522,2.0e-3,5830
2,522,2.0e-3,3989
3,522,2.0e-3,4491
1,523,2.0e-3,5778
2,523,2.0e-3,4100
3,523,2.0e-3,4197
1,524,2.0e-3,5987
2,524,2.0e-3,4379
3,524,2.0e-3,4368
1,525,2.0e-3,5918
2,525,2.0e-3,4194
3,525,2.0e-3,4379
1,526,2.0e-3,5882
2,526,2.0e-3,4382
3,526,2.0e-3,4521
1,527,2.0e-3,5984
2,527,2.0e-3,4110
3,527,2.0e-3,4293
1,528,2.0e-3,5871
2,528,2.0e-3,4070
3,528,2.0e-3,4569
1,529,2.0e-3,6210
2,529,2.0e-3,3934
3,529,2.0e-3,4417
1,530,2.0e-3,6106
2,530,2.0e-3,4216
3,530,2.0e-3,4441
1,531,2.0e-3,6163
2,531,2.0e-3,4197
3,531,2.0e-3,4303
1,532,2.0e-3,5915
2,532,2.0e-3,4087
3,532,2.0e-3,4284
1,533,2.0e-3,5864
2,533,2.0e-3,4087
3,533,2.0e-3,4233
1,534,2.0e-3,5789
2,534,2.0e-3,4076
3,534,2.0e-3,4390
1,535,2.0e-3,5941
2,535,2.0e-3,4076
3,535,2.0e-3,4230
1,536,2.0e-3,5819
2,536,2.0e-3,4279
3,536,2.0e-3,4363
1,537,2.0e-3,5994
2,537,2.0e-3,4060
3,537,2.0e-3,4285
1,538,2.0e-3,5902
2,538,2.0e-3,4158
3,538,2.0e-3,4460
1,539,2.0e-3,6183
2,539,2.0e-3,4428
3,539,2.0e-3,4708
1,540,2.0e-3,6340
2,540,2.0e-3,4360
3,540,2.0e-3,4361
1,541,2.0e-3,6171
2,541,2.0e-3,4657
3,541,2.0e-3,4660
1,542,2.0e-3,6506
2,542,2.0e-3,4326
3,542,2.0e-3,4550
1,543,2.0e-3,6297
2,543,2.0e-3,4178
3,543,2.0e-3,4465
1,544,2.0e-3,6001
2,544,2.0e-3,4277
3,544,2.0e-3,4533
1,545,2.0e-3,6489
2,545,2.0e-3,4273
3,545,2.0e-3,4441
1,546,2.0e-3,6085
2,546,2.0e-3,4223
3,546,2.0e-3,4451
1,547,2.0e-3,6485
2,547,2.0e-3,4588
3,547,2.0e-3,4884
1,548,2.0e-3,6367
2,548,2.0e-3,4447
3,548,2.0e-3,4649
1,549,2.0e-3,6520
2,549,2.0e-3,4313
3,549,2.0e-3,4528
1,550,2.0e-3,6243
2,550,2.0e-3,4439
3,550,2.0e-3,4403
1,551,2.0e-3,6353
2,551,2.0e-3,4366
3,551,2.0e-3,4484
1,552,2.0e-3,6390
2,552,2.0e-3,4426
3,552,2.0e-3,4622
1,553,2.0e-3,6972
2,553,2.0e-3,4612
3,553,2.0e-3,4784
1,554,2.0e-3,6333
2,554,2.0e-3,4562
3,554,2.0e-3,4495
1,555,2.0e-3,7040
2,555,2.0e-3,4372
3,555,2.0e-3,4636
1,556,2.0e-3,6536
2,556,2.0e-3,4274
3,556,2.0e-3,4514
1,557,2.0e-3,6701
2,557,2.0e-3,4476
3,557,2.0e-3,4740
1,558,2.0e-3,6381
2,558,2.0e-3,4730
3,558,2.0e-3,4505
1,559,2.0e-3,6777
2,559,2.0e-3,4714
3,559,2.0e-3,4744
1,560,2.0e-3,6669
2,560,2.0e-3,4648
3,560,2.0e-3,4819
1,561,2.0e-3,6865
2,561,2.0e-3,4796
3,561,2.0e-3,4930
1,562,2.0e-3,6900
2,562,2.0e-3,4765
3,562,2.0e-3,4782
1,563,2.0e-3,6315
2,563,2.0e-3,4650
3,563,2.0e-3,4651
1,564,2.0e-3,7056
2,564,2.0e-3,4723
3,564,2.0e-3,4950
1,565,2.0e-3,6825
2,565,2.0e-3,4941
3,565,2.0e-3,4745
1,566,2.0e-3,7241
2,566,2.0e-3,4786
3,566,2.0e-3,5048
1,567,2.0e-3,7197
2,567,2.0e-3,4763
3,567,2.0e-3,4654
1,568,2.0e-3,6901
2,568,2.0e-3,4687
3,568,2.0e-3,4750
1,569,2.0e-3,6737
2,569,2.0e-3,4655
3,569,2.0e-3,4656
1,570,2.0e-3,6371
2,570,2.0e-3,4591
3,570,2.0e-3,4819
1,571,2.0e-3,6750
2,571,2.0e-3,4499
3,571,2.0e-3,5279
1,572,2.0e-3,7934
2,572,2.0e-3,4552
3,572,2.0e-3,4632
1,573,2.0e-3,6998
2,573,2.0e-3,4770
3,573,2.0e-3,4680
1,574,2.0e-3,7117
2,574,2.0e-3,4664
3,574,2.0e-3,4897
1,575,2.0e-3,6983
2,575,2.0e-3,4781
3,575,2.0e-3,4690
1,576,2.0e-3,6889
2,576,2.0e-3,4776
3,576,2.0e-3,4749
1,577,2.0e-3,6648
2,577,2.0e-3,4657
3,577,2.0e-3,4873
1,578,2.0e-3,7021
2,578,2.0e-3,4776
3,578,2.0e-3,4933
1,579,2.0e-3,7224
2,579,2.0e-3,4764
3,579,2.0e-3,4927
1,580,2.0e-3,6984
2,580,2.0e-3,4712
3,580,2.0e-3,4673
1,581,2.0e-3,7016
2,581,2.0e-3,4613
3,581,2.0e-3,4595
1,582,2.0e-3,6772
2,582,2.0e-3,4842
3,582,2.0e-3,4890
1,583,2.0e-3,7312
2,583,2.0e-3,4662
3,583,2.0e-3,4816
1,584,2.0e-3,6965
2,584,2.0e-3,4963
3,584,2.0e-3,4985
1,585,2.0e-3,7057
2,585,2.0e-3,4723
3,585,2.0e-3,4854
1,586,2.0e-3,6737
2,586,2.0e-3,4708
3,586,2.0e-3,4580
1,587,2.0e-3,6930
2,587,2.0e-3,4684
3,587,2.0e-3,4645
1,588,2.0e-3,7051
2,588,2.0e-3,4508
3,588,2.0e-3,4583
1,589,2.0e-3,6863
2,589,2.0e-3,4547
3,589,2.0e-3,4581
1,590,2.0e-3,6754
2,590,2.0e-3,4475
3,590,2.0e-3,4598
1,591,2.0e-3,7119
2,591,2.0e-3,4615
3,591,2.0e-3,4744
1,592,2.0e-3,6886
2,592,2.0e-3,4468
3,592,2.0e-3,4682
1,593,2.0e-3,6738
2,593,2.0e-3,4473
3,593,2.0e-3,4658
1,594,2.0e-3,6765
2,594,2.0e-3,4594
3,594,2.0e-3,4743
1,595,2.0e-3,7066
2,595,2.0e-3,4504
3,595,2.0e-3,4571
1,596,2.0e-3,6870
2,596,2.0e-3,4496
3,596,2.0e-3,4762
1,597,2.0e-3,6885
2,597,2.0e-3,4477
3,597,2.0e-3,4594
1,598,2.0e-3,7007
2,598,2.0e-3,4460
3,598,2.0e-3,4713
1,599,2.0e-3,7063
2,599,2.0e-3,4419
3,599,2.0e-3,4629
1,600,2.0e-3,6923
2,600,2.0e-3,4506
3,600,2.0e-3,4644
1,601,2.0e-3,7013
2,601,2.0e-3,4469
3,601,2.0e-3,4669
1,602,2.0e-3,6951
2,602,2.0e-3,4491
3,602,2.0e-3,4855
1,603,2.0e-3,7197
2,603,2.0e-3,4734
3,603,2.0e-3,4662
1,604,2.0e-3,7266
2,604,2.0e-3,4497
3,604,2.0e-3,4629
1,605,2.0e-3,7219
2,605,2.0e-3,4501
3,605,2.0e-3,4690
1,606,2.0e-3,7195
2,606,2.0e-3,4489
3,606,2.0e-3,4594
1,607,2.0e-3,7078
2,607,2.0e-3,4493
3,607,2.0e-3,4568
1,608,2.0e-3,7236
2,608,2.0e-3,4465
3,608,2.0e-3,4779
1,609,2.0e-3,7669
2,609,2.0e-3,4579
3,609,2.0e-3,4641
1,610,2.0e-3,7441
2,610,2.0e-3,4565
3,610,2.0e-3,4858
1,611,2.0e-3,7274
2,611,2.0e-3,4875
3,611,2.0e-3,4873
1,612,2.0e-3,7560
2,612,2.0e-3,4653
3,612,2.0e-3,4696
1,613,2.0e-3,7273
2,613,2.0e-3,4457
3,613,2.0e-3,4626
1,614,2.0e-3,7445
2,614,2.0e-3,4588
3,614,2.0e-3,4729
1,615,2.0e-3,7504
2,615,2.0e-3,4409
3,615,2.0e-3,4663
1,616,2.0e-3,7397
2,616,2.0e-3,4519
3,616,2.0e-3,4840
1,617,2.0e-3,7384
2,617,2.0e-3,4605
3,617,2.0e-3,4971
1,618,2.0e-3,7380
2,618,2.0e-3,4363
3,618,2.0e-3,4931
1,619,2.0e-3,12297
2,619,2.0e-3,6621
3,619,2.0e-3,4951
1,620,2.0e-3,7683
2,620,2.0e-3,5126
3,620,2.0e-3,5915
1,621,2.0e-3,7524
2,621,2.0e-3,5393
3,621,2.0e-3,6032
1,622,2.0e-3,9339
2,622,2.0e-3,5654
3,622,2.0e-3,5835
1,623,2.0e-3,7598
2,623,2.0e-3,4648
3,623,2.0e-3,4953
1,624,2.0e-3,7584
2,624,2.0e-3,4602
3,624,2.0e-3,4899
1,625,2.0e-3,7263
2,625,2.0e-3,4525
3,625,2.0e-3,4981
1,626,2.0e-3,8182
2,626,2.0e-3,5083
3,626,2.0e-3,5038
1,627,2.0e-3,7505
2,627,2.0e-3,4727
3,627,2.0e-3,5179
1,628,2.0e-3,7587
2,628,2.0e-3,4714
3,628,2.0e-3,5090
1,629,2.0e-3,7603
2,629,2.0e-3,4902
3,629,2.0e-3,5329
1,630,2.0e-3,8074
2,630,2.0e-3,4835
3,630,2.0e-3,5395
1,631,2.0e-3,8000
2,631,2.0e-3,4872
3,631,2.0e-3,5292
1,632,2.0e-3,7859
2,632,2.0e-3,4987
3,632,2.0e-3,5645
1,633,2.0e-3,8315
2,633,2.0e-3,4790
3,633,2.0e-3,5338
1,634,2.0e-3,8159
2,634,2.0e-3,4882
3,634,2.0e-3,5395
1,635,2.0e-3,7644
2,635,2.0e-3,4670
3,635,2.0e-3,5085
1,636,2.0e-3,7876
2,636,2.0e-3,4837
3,636,2.0e-3,5334
1,637,2.0e-3,8209
2,637,2.0e-3,4980
3,637,2.0e-3,5692
1,638,2.0e-3,8203
2,638,2.0e-3,5109
3,638,2.0e-3,5830
1,639,2.0e-3,8203
2,639,2.0e-3,4778
3,639,2.0e-3,5449
1,640,2.0e-3,8417
2,640,2.0e-3,5047
3,640,2.0e-3,5550
1,641,2.0e-3,7925
2,641,2.0e-3,4816
3,641,2.0e-3,5590
1,642,2.0e-3,8165
2,642,2.0e-3,5275
3,642,2.0e-3,5262
1,643,2.0e-3,7796
2,643,2.0e-3,4786
3,643,2.0e-3,5190
1,644,2.0e-3,8022
2,644,2.0e-3,5023
3,644,2.0e-3,5243
1,645,2.0e-3,8043
2,645,2.0e-3,5063
3,645,2.0e-3,5644
1,646,2.0e-3,8856
2,646,2.0e-3,4852
3,646,2.0e-3,5170
1,647,2.0e-3,8098
2,647,2.0e-3,4840
3,647,2.0e-3,5369
1,648,2.0e-3,8048
2,648,2.0e-3,4937
3,648,2.0e-3,5313
1,649,2.0e-3,8454
2,649,2.0e-3,5264
3,649,2.0e-3,6139
1,650,2.0e-3,8679
2,650,2.0e-3,5096
3,650,2.0e-3,5845
1,651,2.0e-3,8655
2,651,2.0e-3,5469
3,651,2.0e-3,6727
1,652,2.0e-3,9062
2,652,2.0e-3,5000
3,652,2.0e-3,5650
1,653,2.0e-3,8274
2,653,2.0e-3,5130
3,653,2.0e-3,5626
1,654,2.0e-3,8466
2,654,2.0e-3,5229
3,654,2.0e-3,5821
1,655,2.0e-3,8567
2,655,2.0e-3,4958
3,655,2.0e-3,5420
1,656,2.0e-3,8015
2,656,2.0e-3,4888
3,656,2.0e-3,5352
1,657,2.0e-3,8206
2,657,2.0e-3,5111
3,657,2.0e-3,5603
1,658,2.0e-3,8640
2,658,2.0e-3,5113
3,658,2.0e-3,5621
1,659,2.0e-3,8677
2,659,2.0e-3,5002
3,659,2.0e-3,5413
1,660,2.0e-3,8499
2,660,2.0e-3,5301
3,660,2.0e-3,5915
1,661,2.0e-3,9073
2,661,2.0e-3,5403
3,661,2.0e-3,5644
1,662,2.0e-3,8130
2,662,2.0e-3,5291
3,662,2.0e-3,5645
1,663,2.0e-3,9020
2,663,2.0e-3,5478
3,663,2.0e-3,5857
1,664,2.0e-3,8798
2,664,2.0e-3,5059
3,664,2.0e-3,5612
1,665,2.0e-3,8797
2,665,2.0e-3,5160
3,665,2.0e-3,5463
1,666,2.0e-3,8624
2,666,2.0e-3,5080
3,666,2.0e-3,5549
1,667,2.0e-3,8651
2,667,2.0e-3,5066
3,667,2.0e-3,5561
1,668,2.0e-3,8730
2,668,2.0e-3,5299
3,668,2.0e-3,5900
1,669,2.0e-3,9066
2,669,2.0e-3,5403
3,669,2.0e-3,6021
1,670,2.0e-3,9025
2,670,2.0e-3,5313
3,670,2.0e-3,6591
1,671,2.0e-3,9415
2,671,2.0e-3,5714
3,671,2.0e-3,5650
1,672,2.0e-3,8977
2,672,2.0e-3,5588
3,672,2.0e-3,5856
1,673,2.0e-3,8912
2,673,2.0e-3,5697
3,673,2.0e-3,6112
1,674,2.0e-3,9345
2,674,2.0e-3,5413
3,674,2.0e-3,5924
1,675,2.0e-3,9111
2,675,2.0e-3,5583
3,675,2.0e-3,6092
1,676,2.0e-3,9153
2,676,2.0e-3,5513
3,676,2.0e-3,6100
1,677,2.0e-3,9031
2,677,2.0e-3,5723
3,677,2.0e-3,5951
1,678,2.0e-3,8963
2,678,2.0e-3,5256
3,678,2.0e-3,5835
1,679,2.0e-3,9055
2,679,2.0e-3,5267
3,679,2.0e-3,5734
1,680,2.0e-3,9259
2,680,2.0e-3,5169
3,680,2.0e-3,5803
1,681,2.0e-3,9045
2,681,2.0e-3,5522
3,681,2.0e-3,5968
1,682,2.0e-3,9372
2,682,2.0e-3,5406
3,682,2.0e-3,5824
1,683,2.0e-3,8647
2,683,2.0e-3,5112
3,683,2.0e-3,5613
1,684,2.0e-3,8832
2,684,2.0e-3,5327
3,684,2.0e-3,5620
1,685,2.0e-3,8774
2,685,2.0e-3,5283
3,685,2.0e-3,5995
1,686,2.0e-3,8825
2,686,2.0e-3,5319
3,686,2.0e-3,5847
1,687,2.0e-3,9230
2,687,2.0e-3,5473
3,687,2.0e-3,6286
1,688,2.0e-3,9775
2,688,2.0e-3,5805
3,688,2.0e-3,5923
1,689,2.0e-3,9144
2,689,2.0e-3,5409
3,689,2.0e-3,5973
1,690,2.0e-3,9489
2,690,2.0e-3,5743
3,690,2.0e-3,6246
1,691,2.0e-3,9142
2,691,2.0e-3,5597
3,691,2.0e-3,5922
1,692,2.0e-3,9661
2,692,2.0e-3,5660
3,692,2.0e-3,6191
1,693,2.0e-3,9662
2,693,2.0e-3,5555
3,693,2.0e-3,6331
1,694,2.0e-3,9275
2,694,2.0e-3,5600
3,694,2.0e-3,6474
1,695,2.0e-3,9965
2,695,2.0e-3,5839
3,695,2.0e-3,6348
1,696,2.0e-3,9660
2,696,2.0e-3,5441
3,696,2.0e-3,6461
1,697,2.0e-3,9938
2,697,2.0e-3,5798
3,697,2.0e-3,6368
1,698,2.0e-3,9351
2,698,2.0e-3,5619
3,698,2.0e-3,6174
1,699,2.0e-3,9728
2,699,2.0e-3,5451
3,699,2.0e-3,6034
1,700,2.0e-3,9200
2,700,2.0e-3,5384
3,700,2.0e-3,6250
1,701,2.0e-3,9795
2,701,2.0e-3,5528
3,701,2.0e-3,6045
1,702,2.0e-3,9374
2,702,2.0e-3,5586
3,702,2.0e-3,6372
1,703,2.0e-3,9876
2,703,2.0e-3,5523
3,703,2.0e-3,6213
1,704,2.0e-3,9521
2,704,2.0e-3,5519
3,704,2.0e-3,6146
1,705,2.0e-3,9531
2,705,2.0e-3,5568
3,705,2.0e-3,6293
1,706,2.0e-3,9589
2,706,2.0e-3,5558
3,706,2.0e-3,6025
1,707,2.0e-3,9271
2,707,2.0e-3,5707
3,707,2.0e-3,6208
1,708,2.0e-3,9240
2,708,2.0e-3,5516
3,708,2.0e-3,6184
1,709,2.0e-3,9898
2,709,2.0e-3,5564
3,709,2.0e-3,6347
1,710,2.0e-3,9710
2,710,2.0e-3,5323
3,710,2.0e-3,6103
1,711,2.0e-3,9251
2,711,2.0e-3,5538
3,711,2.0e-3,6232
1,712,2.0e-3,9907
2,712,2.0e-3,5594
3,712,2.0e-3,6126
1,713,2.0e-3,9836
2,713,2.0e-3,5716
3,713,2.0e-3,6389
1,714,2.0e-3,10252
2,714,2.0e-3,5671
3,714,2.0e-3,6237
1,715,2.0e-3,9769
2,715,2.0e-3,5744
3,715,2.0e-3,6187
1,716,2.0e-3,10180
2,716,2.0e-3,5830
3,716,2.0e-3,6386
1,717,2.0e-3,9748
2,717,2.0e-3,5682
3,717,2.0e-3,6470
1,718,2.0e-3,9959
2,718,2.0e-3,5613
3,718,2.0e-3,6125
1,719,2.0e-3,10123
2,719,2.0e-3,5707
3,719,2.0e-3,6328
1,720,2.0e-3,10053
2,720,2.0e-3,5753
3,720,2.0e-3,6530
1,721,2.0e-3,10347
2,721,2.0e-3,5602
3,721,2.0e-3,6292
1,722,2.0e-3,9857
2,722,2.0e-3,5671
3,722,2.0e-3,6162
1,723,2.0e-3,9722
2,723,2.0e-3,5522
3,723,2.0e-3,6380
1,724,2.0e-3,10117
2,724,2.0e-3,5772
3,724,2.0e-3,6544
1,725,2.0e-3,10115
2,725,2.0e-3,5656
3,725,2.0e-3,6503
1,726,2.0e-3,9852
2,726,2.0e-3,6121
3,726,2.0e-3,6740
1,727,2.0e-3,10156
2,727,2.0e-3,6007
3,727,2.0e-3,6732
1,728,2.0e-3,10342
2,728,2.0e-3,6084
3,728,2.0e-3,6617
1,729,2.0e-3,10174
2,729,2.0e-3,5922
3,729,2.0e-3,7378
1,730,2.0e-3,10762
2,730,2.0e-3,5970
3,730,2.0e-3,6748
1,731,2.0e-3,9688
2,731,2.0e-3,5719
3,731,2.0e-3,6651
1,732,2.0e-3,10582
2,732,2.0e-3,6186
3,732,2.0e-3,7617
1,733,2.0e-3,10861
2,733,2.0e-3,6695
3,733,2.0e-3,7202
1,734,2.0e-3,11695
2,734,2.0e-3,6707
3,734,2.0e-3,7035
1,735,2.0e-3,11622
2,735,2.0e-3,6121
3,735,2.0e-3,7552
1,736,2.0e-3,11448
2,736,2.0e-3,6794
3,736,2.0e-3,7404
1,737,2.0e-3,10606
2,737,2.0e-3,5942
3,737,2.0e-3,6867
1,738,2.0e-3,10526
2,738,2.0e-3,6198
3,738,2.0e-3,6783
1,739,2.0e-3,10586
2,739,2.0e-3,5850
3,739,2.0e-3,6697
1,740,2.0e-3,10338
2,740,2.0e-3,6102
3,740,2.0e-3,6620
1,741,2.0e-3,10875
2,741,2.0e-3,5976
3,741,2.0e-3,6656
1,742,2.0e-3,10637
2,742,2.0e-3,6038
3,742,2.0e-3,7022
1,743,2.0e-3,11002
2,743,2.0e-3,6136
3,743,2.0e-3,6980
1,744,2.0e-3,10443
2,744,2.0e-3,5965
3,744,2.0e-3,6534
1,745,2.0e-3,10334
2,745,2.0e-3,6121
3,745,2.0e-3,6847
1,746,2.0e-3,10807
2,746,2.0e-3,6045
3,746,2.0e-3,6992
1,747,2.0e-3,10076
2,747,2.0e-3,5941
3,747,2.0e-3,7068
1,748,2.0e-3,11068
2,748,2.0e-3,5905
3,748,2.0e-3,7203
1,749,2.0e-3,10938
2,749,2.0e-3,5970
3,749,2.0e-3,7388
1,750,2.0e-3,10757
2,750,2.0e-3,6218
3,750,2.0e-3,7574
1,751,2.0e-3,11484
2,751,2.0e-3,6219
3,751,2.0e-3,6613
1,752,2.0e-3,10650
2,752,2.0e-3,5977
3,752,2.0e-3,7057
1,753,2.0e-3,10548
2,753,2.0e-3,6446
3,753,2.0e-3,7173
1,754,2.0e-3,10686
2,754,2.0e-3,5938
3,754,2.0e-3,6535
1,755,2.0e-3,10209
2,755,2.0e-3,6162
3,755,2.0e-3,6995
1,756,2.0e-3,11069
2,756,2.0e-3,6045
3,756,2.0e-3,6722
1,757,2.0e-3,10001
2,757,2.0e-3,6101
3,757,2.0e-3,6735
1,758,2.0e-3,10706
2,758,2.0e-3,6091
3,758,2.0e-3,7025
1,759,2.0e-3,10733
2,759,2.0e-3,5827
3,759,2.0e-3,6712
1,760,2.0e-3,10370
2,760,2.0e-3,5888
3,760,2.0e-3,6795
1,761,2.0e-3,10754
2,761,2.0e-3,5802
3,761,2.0e-3,6556
1,762,2.0e-3,10794
2,762,2.0e-3,5889
3,762,2.0e-3,6688
1,763,2.0e-3,10848
2,763,2.0e-3,6339
3,763,2.0e-3,6598
1,764,2.0e-3,10794
2,764,2.0e-3,5824
3,764,2.0e-3,6831
1,765,2.0e-3,11042
2,765,2.0e-3,5892
3,765,2.0e-3,7215
1,766,2.0e-3,11622
2,766,2.0e-3,6296
3,766,2.0e-3,7310
1,767,2.0e-3,11928
2,767,2.0e-3,6072
3,767,2.0e-3,7052
1,768,2.0e-3,11277
2,768,2.0e-3,6099
3,768,2.0e-3,7291
1,769,2.0e-3,11299
2,769,2.0e-3,6074
3,769,2.0e-3,6836
1,770,2.0e-3,11010
2,770,2.0e-3,6121
3,770,2.0e-3,6828
1,771,2.0e-3,10972
2,771,2.0e-3,5963
3,771,2.0e-3,6712
1,772,2.0e-3,11011
2,772,2.0e-3,5946
3,772,2.0e-3,6693
1,773,2.0e-3,11168
2,773,2.0e-3,6213
3,773,2.0e-3,7085
1,774,2.0e-3,11406
2,774,2.0e-3,6286
3,774,2.0e-3,7113
1,775,2.0e-3,11480
2,775,2.0e-3,6508
3,775,2.0e-3,7334
1,776,2.0e-3,11244
2,776,2.0e-3,6119
3,776,2.0e-3,6918
1,777,2.0e-3,11763
2,777,2.0e-3,6401
3,777,2.0e-3,7176
1,778,2.0e-3,11306
2,778,2.0e-3,6221
3,778,2.0e-3,7285
1,779,2.0e-3,11628
2,779,2.0e-3,6209
3,779,2.0e-3,6924
1,780,2.0e-3,11575
2,780,2.0e-3,6356
3,780,2.0e-3,7276
1,781,2.0e-3,12206
2,781,2.0e-3,6409
3,781,2.0e-3,7580
1,782,2.0e-3,11934
2,782,2.0e-3,6833
3,782,2.0e-3,7762
1,783,2.0e-3,12007
2,783,2.0e-3,6299
3,783,2.0e-3,7782
1,784,2.0e-3,12105
2,784,2.0e-3,6540
3,784,2.0e-3,7567
1,785,2.0e-3,12066
2,785,2.0e-3,7024
3,785,2.0e-3,8393
1,786,2.0e-3,12130
2,786,2.0e-3,6672
3,786,2.0e-3,7425
1,787,2.0e-3,11727
2,787,2.0e-3,6604
3,787,2.0e-3,7917
1,788,2.0e-3,11875
2,788,2.0e-3,6527
3,788,2.0e-3,7402
1,789,2.0e-3,11921
2,789,2.0e-3,6552
3,789,2.0e-3,7258
1,790,2.0e-3,11874
2,790,2.0e-3,6686
3,790,2.0e-3,7501
1,791,2.0e-3,12377
2,791,2.0e-3,6742
3,791,2.0e-3,7535
1,792,2.0e-3,11837
2,792,2.0e-3,6269
3,792,2.0e-3,7249
1,793,2.0e-3,11467
2,793,2.0e-3,6191
3,793,2.0e-3,7271
1,794,2.0e-3,11592
2,794,2.0e-3,6248
3,794,2.0e-3,7063
1,795,2.0e-3,11631
2,795,2.0e-3,6194
3,795,2.0e-3,7057
1,796,2.0e-3,11593
2,796,2.0e-3,6139
3,796,2.0e-3,7593
1,797,2.0e-3,12217
2,797,2.0e-3,6411
3,797,2.0e-3,7326
1,798,2.0e-3,12308
2,798,2.0e-3,6617
3,798,2.0e-3,7276
1,799,2.0e-3,12566
2,799,2.0e-3,7123
3,799,2.0e-3,7763
1,800,2.0e-3,12571
2,800,2.0e-3,6989
3,800,2.0e-3,7357
1,801,2.0e-3,12189
2,801,2.0e-3,6670
3,801,2.0e-3,7578
1,802,2.0e-3,11680
2,802,2.0e-3,6682
3,802,2.0e-3,7617
1,803,2.0e-3,12530
2,803,2.0e-3,6691
3,803,2.0e-3,7087
1,804,2.0e-3,11641
2,804,2.0e-3,6561
3,804,2.0e-3,7446
1,805,2.0e-3,12085
2,805,2.0e-3,6623
3,805,2.0e-3,7420
1,806,2.0e-3,11988
2,806,2.0e-3,6257
3,806,2.0e-3,7140
1,807,2.0e-3,12278
2,807,2.0e-3,6585
3,807,2.0e-3,7677
1,808,2.0e-3,12189
2,808,2.0e-3,6436
3,808,2.0e-3,7422
1,809,2.0e-3,12278
2,809,2.0e-3,6608
3,809,2.0e-3,7531
1,810,2.0e-3,12276
2,810,2.0e-3,6444
3,810,2.0e-3,7285
1,811,2.0e-3,12346
2,811,2.0e-3,6670
3,811,2.0e-3,8105
1,812,2.0e-3,12638
2,812,2.0e-3,6433
3,812,2.0e-3,7232
1,813,2.0e-3,12617
2,813,2.0e-3,6862
3,813,2.0e-3,7768
1,814,2.0e-3,12792
2,814,2.0e-3,6501
3,814,2.0e-3,7649
1,815,2.0e-3,12630
2,815,2.0e-3,6621
3,815,2.0e-3,7509
1,816,2.0e-3,12329
2,816,2.0e-3,6552
3,816,2.0e-3,7401
1,817,2.0e-3,12432
2,817,2.0e-3,6457
3,817,2.0e-3,7243
1,818,2.0e-3,12811
2,818,2.0e-3,6755
3,818,2.0e-3,7836
1,819,2.0e-3,12528
2,819,2.0e-3,6744
3,819,2.0e-3,7696
1,820,2.0e-3,12290
2,820,2.0e-3,6943
3,820,2.0e-3,7873
1,821,2.0e-3,12416
2,821,2.0e-3,6901
3,821,2.0e-3,7702
1,822,2.0e-3,12680
2,822,2.0e-3,6772
3,822,2.0e-3,7912
1,823,2.0e-3,12696
2,823,2.0e-3,6709
3,823,2.0e-3,7906
1,824,2.0e-3,12282
2,824,2.0e-3,6402
3,824,2.0e-3,7477
1,825,2.0e-3,12557
2,825,2.0e-3,6908
3,825,2.0e-3,7782
1,826,2.0e-3,12092
2,826,2.0e-3,6748
3,826,2.0e-3,7874
1,827,2.0e-3,12618
2,827,2.0e-3,6526
3,827,2.0e-3,7362
1,828,2.0e-3,12482
2,828,2.0e-3,6447
3,828,2.0e-3,7326
1,829,2.0e-3,12052
2,829,2.0e-3,6453
3,829,2.0e-3,7314
1,830,2.0e-3,12164
2,830,2.0e-3,6509
3,830,2.0e-3,7291
1,831,2.0e-3,12459
2,831,2.0e-3,6513
3,831,2.0e-3,7260
1,832,2.0e-3,12554
2,832,2.0e-3,6461
3,832,2.0e-3,7296
1,833,2.0e-3,11511
2,833,2.0e-3,6525
3,833,2.0e-3,7216
1,834,2.0e-3,12457
2,834,2.0e-3,6586
3,834,2.0e-3,7508
1,835,2.0e-3,11943
2,835,2.0e-3,6500
3,835,2.0e-3,7244
1,836,2.0e-3,11927
2,836,2.0e-3,6568
3,836,2.0e-3,7361
1,837,2.0e-3,12575
2,837,2.0e-3,6482
3,837,2.0e-3,7555
1,838,2.0e-3,11927
2,838,2.0e-3,6605
3,838,2.0e-3,7405
1,839,2.0e-3,12395
2,839,2.0e-3,6538
3,839,2.0e-3,7359
1,840,2.0e-3,12277
2,840,2.0e-3,6545
3,840,2.0e-3,7507
1,841,2.0e-3,12604
2,841,2.0e-3,6599
3,841,2.0e-3,7146
1,842,2.0e-3,12937
2,842,2.0e-3,6691
3,842,2.0e-3,7335
1,843,2.0e-3,12388
2,843,2.0e-3,6791
3,843,2.0e-3,7349
1,844,2.0e-3,12195
2,844,2.0e-3,6728
3,844,2.0e-3,7258
1,845,2.0e-3,12646
2,845,2.0e-3,6694
3,845,2.0e-3,7595
1,846,2.0e-3,12459
2,846,2.0e-3,6674
3,846,2.0e-3,7599
1,847,2.0e-3,12384
2,847,2.0e-3,6659
3,847,2.0e-3,7614
1,848,2.0e-3,12646
2,848,2.0e-3,6670
3,848,2.0e-3,7539
1,849,2.0e-3,13152
2,849,2.0e-3,6632
3,849,2.0e-3,7749
1,850,2.0e-3,13319
2,850,2.0e-3,6842
3,850,2.0e-3,7654
1,851,2.0e-3,13036
2,851,2.0e-3,6627
3,851,2.0e-3,7487
1,852,2.0e-3,12471
2,852,2.0e-3,6639
3,852,2.0e-3,7609
1,853,2.0e-3,12636
2,853,2.0e-3,6798
3,853,2.0e-3,7577
1,854,2.0e-3,12582
2,854,2.0e-3,6733
3,854,2.0e-3,7515
1,855,2.0e-3,12478
2,855,2.0e-3,6651
3,855,2.0e-3,7437
1,856,2.0e-3,12704
2,856,2.0e-3,6660
3,856,2.0e-3,7550
1,857,2.0e-3,12775
2,857,2.0e-3,6915
3,857,2.0e-3,7607
1,858,2.0e-3,12415
2,858,2.0e-3,6857
3,858,2.0e-3,7606
1,859,2.0e-3,12522
2,859,2.0e-3,6722
3,859,2.0e-3,7720
1,860,2.0e-3,13011
2,860,2.0e-3,6854
3,860,2.0e-3,7853
1,861,2.0e-3,12567
2,861,2.0e-3,6731
3,861,2.0e-3,7525
1,862,2.0e-3,12821
2,862,2.0e-3,6770
3,862,2.0e-3,7563
1,863,2.0e-3,12925
2,863,2.0e-3,6846
3,863,2.0e-3,7724
1,864,2.0e-3,13320
2,864,2.0e-3,6973
3,864,2.0e-3,7731
1,865,2.0e-3,12585
2,865,2.0e-3,6851
3,865,2.0e-3,7728
1,866,2.0e-3,12752
2,866,2.0e-3,6880
3,866,2.0e-3,7649
1,867,2.0e-3,13045
2,867,2.0e-3,6967
3,867,2.0e-3,7570
1,868,2.0e-3,12998
2,868,2.0e-3,6932
3,868,2.0e-3,7656
1,869,2.0e-3,12822
2,869,2.0e-3,6861
3,869,2.0e-3,7615
1,870,2.0e-3,13078
2,870,2.0e-3,6800
3,870,2.0e-3,7742
1,871,2.0e-3,13208
2,871,2.0e-3,7082
3,871,2.0e-3,7700
1,872,2.0e-3,13125
2,872,2.0e-3,6749
3,872,2.0e-3,7762
1,873,2.0e-3,13014
2,873,2.0e-3,6885
3,873,2.0e-3,7532
1,874,2.0e-3,13040
2,874,2.0e-3,7075
3,874,2.0e-3,7599
1,875,2.0e-3,12862
2,875,2.0e-3,7011
3,875,2.0e-3,7678
1,876,2.0e-3,12989
2,876,2.0e-3,6858
3,876,2.0e-3,7635
1,877,2.0e-3,13226
2,877,2.0e-3,6866
3,877,2.0e-3,7778
1,878,2.0e-3,12905
2,878,2.0e-3,7158
3,878,2.0e-3,7903
1,879,2.0e-3,13516
2,879,2.0e-3,6839
3,879,2.0e-3,7779
1,880,2.0e-3,13471
2,880,2.0e-3,6974
3,880,2.0e-3,7755
1,881,2.0e-3,12656
2,881,2.0e-3,7153
3,881,2.0e-3,7866
1,882,2.0e-3,12873
2,882,2.0e-3,6965
3,882,2.0e-3,7870
1,883,2.0e-3,13133
2,883,2.0e-3,6986
3,883,2.0e-3,7850
1,884,2.0e-3,13018
2,884,2.0e-3,7027
3,884,2.0e-3,7810
1,885,2.0e-3,13328
2,885,2.0e-3,6933
3,885,2.0e-3,7951
1,886,2.0e-3,12774
2,886,2.0e-3,7064
3,886,2.0e-3,7789
1,887,2.0e-3,13134
2,887,2.0e-3,6971
3,887,2.0e-3,7929
1,888,2.0e-3,13137
2,888,2.0e-3,7151
3,888,2.0e-3,7871
1,889,2.0e-3,13170
2,889,2.0e-3,7031
3,889,2.0e-3,7788
1,890,2.0e-3,13104
2,890,2.0e-3,6964
3,890,2.0e-3,7842
1,891,2.0e-3,13634
2,891,2.0e-3,6991
3,891,2.0e-3,7740
1,892,2.0e-3,13539
2,892,2.0e-3,7064
3,892,2.0e-3,8572
1,893,2.0e-3,13513
2,893,2.0e-3,6989
3,893,2.0e-3,8194
1,894,2.0e-3,13830
2,894,2.0e-3,7257
3,894,2.0e-3,8423
1,895,2.0e-3,13141
2,895,2.0e-3,7168
3,895,2.0e-3,8056
1,896,2.0e-3,13349
2,896,2.0e-3,7171
3,896,2.0e-3,7851
1,897,2.0e-3,13330
2,897,2.0e-3,7185
3,897,2.0e-3,7811
1,898,2.0e-3,13526
2,898,2.0e-3,7080
3,898,2.0e-3,8000
1,899,2.0e-3,13331
2,899,2.0e-3,7083
3,899,2.0e-3,8352
1,900,2.0e-3,13334
2,900,2.0e-3,7098
3,900,2.0e-3,8013
1,901,2.0e-3,13267
2,901,2.0e-3,7040
3,901,2.0e-3,8114
1,902,2.0e-3,13578
2,902,2.0e-3,7270
3,902,2.0e-3,7774
1,903,2.0e-3,13820
2,903,2.0e-3,7115
3,903,2.0e-3,7763
1,904,2.0e-3,13543
2,904,2.0e-3,7070
3,904,2.0e-3,8025
1,905,2.0e-3,13458
2,905,2.0e-3,7079
3,905,2.0e-3,8096
1,906,2.0e-3,13765
2,906,2.0e-3,7407
3,906,2.0e-3,8178
1,907,2.0e-3,13794
2,907,2.0e-3,7146
3,907,2.0e-3,7934
1,908,2.0e-3,13770
2,908,2.0e-3,7142
3,908,2.0e-3,8104
1,909,2.0e-3,14000
2,909,2.0e-3,7388
3,909,2.0e-3,8131
1,910,2.0e-3,13891
2,910,2.0e-3,7028
3,910,2.0e-3,8051
1,911,2.0e-3,13614
2,911,2.0e-3,7137
3,911,2.0e-3,8025
1,912,2.0e-3,14071
2,912,2.0e-3,7064
3,912,2.0e-3,8142
1,913,2.0e-3,14112
2,913,2.0e-3,7375
3,913,2.0e-3,8066
1,914,2.0e-3,13633
2,914,2.0e-3,7110
3,914,2.0e-3,7933
1,915,2.0e-3,13804
2,915,2.0e-3,7114
3,915,2.0e-3,8070
1,916,2.0e-3,14265
2,916,2.0e-3,7183
3,916,2.0e-3,8099
1,917,2.0e-3,14038
2,917,2.0e-3,7192
3,917,2.0e-3,7948
1,918,2.0e-3,14063
2,918,2.0e-3,7140
3,918,2.0e-3,8060
1,919,2.0e-3,14251
2,919,2.0e-3,7415
3,919,2.0e-3,8121
1,920,2.0e-3,14210
2,920,2.0e-3,7335
3,920,2.0e-3,8039
1,921,2.0e-3,14110
2,921,2.0e-3,7356
3,921,2.0e-3,8022
1,922,2.0e-3,14350
2,922,2.0e-3,7315
3,922,2.0e-3,8223
1,923,2.0e-3,14160
2,923,2.0e-3,7340
3,923,2.0e-3,8029
1,924,2.0e-3,14382
2,924,2.0e-3,7254
3,924,2.0e-3,8098
1,925,2.0e-3,14138
2,925,2.0e-3,7372
3,925,2.0e-3,8019
1,926,2.0e-3,14468
2,926,2.0e-3,7317
3,926,2.0e-3,8242
1,927,2.0e-3,14345
2,927,2.0e-3,7286
3,927,2.0e-3,8087
1,928,2.0e-3,14270
2,928,2.0e-3,7369
3,928,2.0e-3,8012
1,929,2.0e-3,14372
2,929,2.0e-3,7589
3,929,2.0e-3,8212
1,930,2.0e-3,14458
2,930,2.0e-3,7378
3,930,2.0e-3,8140
1,931,2.0e-3,14677
2,931,2.0e-3,7312
3,931,2.0e-3,8132
1,932,2.0e-3,14346
2,932,2.0e-3,7371
3,932,2.0e-3,8128
1,933,2.0e-3,14550
2,933,2.0e-3,7640
3,933,2.0e-3,8158
1,934,2.0e-3,14798
2,934,2.0e-3,7460
3,934,2.0e-3,8125
1,935,2.0e-3,14772
2,935,2.0e-3,7383
3,935,2.0e-3,8109
1,936,2.0e-3,14754
2,936,2.0e-3,7583
3,936,2.0e-3,8110
1,937,2.0e-3,14831
2,937,2.0e-3,7435
3,937,2.0e-3,8163
1,938,2.0e-3,14993
2,938,2.0e-3,7357
3,938,2.0e-3,8189
1,939,2.0e-3,15009
2,939,2.0e-3,7467
3,939,2.0e-3,8228
1,940,2.0e-3,15393
2,940,2.0e-3,7443
3,940,2.0e-3,8130
1,941,2.0e-3,14712
2,941,2.0e-3,7477
3,941,2.0e-3,8203
1,942,2.0e-3,15126
2,942,2.0e-3,7629
3,942,2.0e-3,8330
1,943,2.0e-3,14728
2,943,2.0e-3,7334
3,943,2.0e-3,8258
1,944,2.0e-3,15698
2,944,2.0e-3,7587
3,944,2.0e-3,8734
1,945,2.0e-3,15782
2,945,2.0e-3,7588
3,945,2.0e-3,8333
1,946,2.0e-3,15066
2,946,2.0e-3,7531
3,946,2.0e-3,8159
1,947,2.0e-3,15098
2,947,2.0e-3,7412
3,947,2.0e-3,8380
1,948,2.0e-3,15126
2,948,2.0e-3,7698
3,948,2.0e-3,8509
1,949,2.0e-3,15357
2,949,2.0e-3,7488
3,949,2.0e-3,8318
1,950,2.0e-3,15551
2,950,2.0e-3,8031
3,950,2.0e-3,8651
1,951,2.0e-3,15760
2,951,2.0e-3,7838
3,951,2.0e-3,8121
1,952,2.0e-3,15614
2,952,2.0e-3,7551
3,952,2.0e-3,8616
1,953,2.0e-3,15674
2,953,2.0e-3,7671
3,953,2.0e-3,8386
1,954,2.0e-3,15431
2,954,2.0e-3,7508
3,954,2.0e-3,8006
1,955,2.0e-3,15665
2,955,2.0e-3,7618
3,955,2.0e-3,8573
1,956,2.0e-3,15422
2,956,2.0e-3,7611
3,956,2.0e-3,8577
1,957,2.0e-3,15212
2,957,2.0e-3,7573
3,957,2.0e-3,8577
1,958,2.0e-3,15817
2,958,2.0e-3,7561
3,958,2.0e-3,8392
1,959,2.0e-3,15524
2,959,2.0e-3,7519
3,959,2.0e-3,8544
1,960,2.0e-3,15955
2,960,2.0e-3,7577
3,960,2.0e-3,8463
1,961,2.0e-3,15710
2,961,2.0e-3,7730
3,961,2.0e-3,8538
1,962,2.0e-3,16007
2,962,2.0e-3,7515
3,962,2.0e-3,8581
1,963,2.0e-3,15649
2,963,2.0e-3,7578
3,963,2.0e-3,8336
1,964,2.0e-3,15589
2,964,2.0e-3,7591
3,964,2.0e-3,8575
1,965,2.0e-3,16000
2,965,2.0e-3,7597
3,965,2.0e-3,8368
1,966,2.0e-3,16122
2,966,2.0e-3,7478
3,966,2.0e-3,8590
1,967,2.0e-3,15594
2,967,2.0e-3,7768
3,967,2.0e-3,8646
1,968,2.0e-3,15625
2,968,2.0e-3,7753
3,968,2.0e-3,8474
1,969,2.0e-3,15948
2,969,2.0e-3,7584
3,969,2.0e-3,8694
1,970,2.0e-3,15334
2,970,2.0e-3,7560
3,970,2.0e-3,8504
1,971,2.0e-3,15626
2,971,2.0e-3,8057
3,971,2.0e-3,8807
1,972,2.0e-3,16050
2,972,2.0e-3,7813
3,972,2.0e-3,8512
1,973,2.0e-3,15757
2,973,2.0e-3,7755
3,973,2.0e-3,9019
1,974,2.0e-3,16292
2,974,2.0e-3,7959
3,974,2.0e-3,8593
1,975,2.0e-3,15468
2,975,2.0e-3,8013
3,975,2.0e-3,8628
1,976,2.0e-3,16303
2,976,2.0e-3,7581
3,976,2.0e-3,8761
1,977,2.0e-3,16240
2,977,2.0e-3,7979
3,977,2.0e-3,8780
1,978,2.0e-3,15860
2,978,2.0e-3,7734
3,978,2.0e-3,8795
1,979,2.0e-3,15886
2,979,2.0e-3,7675
3,979,2.0e-3,9021
1,980,2.0e-3,15939
2,980,2.0e-3,7948
3,980,2.0e-3,8797
1,981,2.0e-3,16440
2,981,2.0e-3,7807
3,981,2.0e-3,8684
1,982,2.0e-3,16130
2,982,2.0e-3,8059
3,982,2.0e-3,8649
1,983,2.0e-3,16055
2,983,2.0e-3,8221
3,983,2.0e-3,8911
1,984,2.0e-3,16084
2,984,2.0e-3,8030
3,984,2.0e-3,8802
1,985,2.0e-3,16173
2,985,2.0e-3,8093
3,985,2.0e-3,9071
1,986,2.0e-3,16445
2,986,2.0e-3,7921
3,986,2.0e-3,8820
1,987,2.0e-3,16081
2,987,2.0e-3,8004
3,987,2.0e-3,8915
1,988,2.0e-3,16295
2,988,2.0e-3,8060
3,988,2.0e-3,8997
1,989,2.0e-3,16490
2,989,2.0e-3,8327
3,989,2.0e-3,9033
1,990,2.0e-3,16627
2,990,2.0e-3,8050
3,990,2.0e-3,8844
1,991,2.0e-3,16340
2,991,2.0e-3,8189
3,991,2.0e-3,9269
1,992,2.0e-3,15938
2,992,2.0e-3,8004
3,992,2.0e-3,8982
1,993,2.0e-3,16317
2,993,2.0e-3,7988
3,993,2.0e-3,9016
1,994,2.0e-3,16368
2,994,2.0e-3,8186
3,994,2.0e-3,8853
1,995,2.0e-3,16071
2,995,2.0e-3,8412
3,995,2.0e-3,8913
1,996,2.0e-3,16512
2,996,2.0e-3,8116
3,996,2.0e-3,8921
1,997,2.0e-3,16598
2,997,2.0e-3,8174
3,997,2.0e-3,9397
1,998,2.0e-3,16447
2,998,2.0e-3,8243
3,998,2.0e-3,9044
1,999,2.0e-3,16253
2,999,2.0e-3,8253
3,999,2.0e-3,9081
1,1000,2.0e-3,16665
2,1000,2.0e-3,8168
3,1000,2.0e-3,8977
