1,10,1000.0,47
2,10,1000.0,50
3,10,1000.0,64
1,11,1000.0,41
2,11,1000.0,55
3,11,1000.0,83
1,12,1000.0,49
2,12,1000.0,54
3,12,1000.0,75
1,13,1000.0,54
2,13,1000.0,66
3,13,1000.0,83
1,14,1000.0,54
2,14,1000.0,69
3,14,1000.0,89
1,15,1000.0,62
2,15,1000.0,77
3,15,1000.0,96
1,16,1000.0,89
2,16,1000.0,82
3,16,1000.0,102
1,17,1000.0,68
2,17,1000.0,84
3,17,1000.0,111
1,18,1000.0,72
2,18,1000.0,96
3,18,1000.0,128
1,19,1000.0,78
2,19,1000.0,97
3,19,1000.0,125
1,20,1000.0,81
2,20,1000.0,103
3,20,1000.0,133
1,21,1000.0,89
2,21,1000.0,107
3,21,1000.0,143
1,22,1000.0,96
2,22,1000.0,113
3,22,1000.0,148
1,23,1000.0,89
2,23,1000.0,116
3,23,1000.0,163
1,24,1000.0,103
2,24,1000.0,120
3,24,1000.0,157
1,25,1000.0,104
2,25,1000.0,127
3,25,1000.0,181
1,26,1000.0,105
2,26,1000.0,136
3,26,1000.0,178
1,27,1000.0,117
2,27,1000.0,141
3,27,1000.0,188
1,28,1000.0,113
2,28,1000.0,152
3,28,1000.0,207
1,29,1000.0,120
2,29,1000.0,148
3,29,1000.0,220
1,30,1000.0,131
2,30,1000.0,154
3,30,1000.0,231
1,31,1000.0,130
2,31,1000.0,157
3,31,1000.0,231
1,32,1000.0,141
2,32,1000.0,174
3,32,1000.0,233
1,33,1000.0,143
2,33,1000.0,179
3,33,1000.0,246
1,34,1000.0,147
2,34,1000.0,180
3,34,1000.0,262
1,35,1000.0,146
2,35,1000.0,195
3,35,1000.0,269
1,36,1000.0,155
2,36,1000.0,193
3,36,1000.0,286
1,37,1000.0,157
2,37,1000.0,201
3,37,1000.0,289
1,38,1000.0,164
2,38,1000.0,207
3,38,1000.0,328
1,39,1000.0,172
2,39,1000.0,230
3,39,1000.0,411
1,40,1000.0,182
2,40,1000.0,236
3,40,1000.0,338
1,41,1000.0,181
2,41,1000.0,221
3,41,1000.0,365
1,42,1000.0,183
2,42,1000.0,236
3,42,1000.0,348
1,43,1000.0,184
2,43,1000.0,226
3,43,1000.0,359
1,44,1000.0,198
2,44,1000.0,248
3,44,1000.0,368
1,45,1000.0,197
2,45,1000.0,248
3,45,1000.0,387
1,46,1000.0,212
2,46,1000.0,255
3,46,1000.0,400
1,47,1000.0,207
2,47,1000.0,255
3,47,1000.0,407
1,48,1000.0,214
2,48,1000.0,261
3,48,1000.0,423
1,49,1000.0,229
2,49,1000.0,285
3,49,1000.0,433
1,50,1000.0,225
2,50,1000.0,282
3,50,1000.0,445
1,51,1000.0,231
2,51,1000.0,291
3,51,1000.0,450
1,52,1000.0,235
2,52,1000.0,295
3,52,1000.0,464
1,53,1000.0,238
2,53,1000.0,312
3,53,1000.0,484
1,54,1000.0,248
2,54,1000.0,297
3,54,1000.0,495
1,55,1000.0,252
2,55,1000.0,304
3,55,1000.0,512
1,56,1000.0,254
2,56,1000.0,323
3,56,1000.0,496
1,57,1000.0,259
2,57,1000.0,340
3,57,1000.0,559
1,58,1000.0,265
2,58,1000.0,339
3,58,1000.0,562
1,59,1000.0,272
2,59,1000.0,334
3,59,1000.0,557
1,60,1000.0,285
2,60,1000.0,351
3,60,1000.0,592
1,61,1000.0,285
2,61,1000.0,355
3,61,1000.0,603
1,62,1000.0,278
2,62,1000.0,365
3,62,1000.0,602
1,63,1000.0,307
2,63,1000.0,377
3,63,1000.0,602
1,64,1000.0,313
2,64,1000.0,382
3,64,1000.0,649
1,65,1000.0,325
2,65,1000.0,401
3,65,1000.0,646
1,66,1000.0,315
2,66,1000.0,390
3,66,1000.0,695
1,67,1000.0,329
2,67,1000.0,402
3,67,1000.0,718
1,68,1000.0,320
2,68,1000.0,416
3,68,1000.0,714
1,69,1000.0,317
2,69,1000.0,427
3,69,1000.0,768
1,70,1000.0,345
2,70,1000.0,429
3,70,1000.0,730
1,71,1000.0,338
2,71,1000.0,443
3,71,1000.0,768
1,72,1000.0,351
2,72,1000.0,443
3,72,1000.0,780
1,73,1000.0,352
2,73,1000.0,453
3,73,1000.0,820
1,74,1000.0,356
2,74,1000.0,468
3,74,1000.0,792
1,75,1000.0,371
2,75,1000.0,486
3,75,1000.0,815
1,76,1000.0,371
2,76,1000.0,478
3,76,1000.0,824
1,77,1000.0,383
2,77,1000.0,491
3,77,1000.0,858
1,78,1000.0,387
2,78,1000.0,491
3,78,1000.0,850
1,79,1000.0,388
2,79,1000.0,523
3,79,1000.0,928
1,80,1000.0,399
2,80,1000.0,519
3,80,1000.0,936
1,81,1000.0,406
2,81,1000.0,517
3,81,1000.0,944
1,82,1000.0,409
2,82,1000.0,534
3,82,1000.0,961
1,83,1000.0,419
2,83,1000.0,533
3,83,1000.0,972
1,84,1000.0,423
2,84,1000.0,543
3,84,1000.0,999
1,85,1000.0,428
2,85,1000.0,576
3,85,1000.0,1018
1,86,1000.0,437
2,86,1000.0,554
3,86,1000.0,1020
1,87,1000.0,445
2,87,1000.0,567
3,87,1000.0,1087
1,88,1000.0,452
2,88,1000.0,571
3,88,1000.0,1134
1,89,1000.0,465
2,89,1000.0,578
3,89,1000.0,1162
1,90,1000.0,470
2,90,1000.0,605
3,90,1000.0,1118
1,91,1000.0,475
2,91,1000.0,598
3,91,1000.0,1133
1,92,1000.0,499
2,92,1000.0,642
3,92,1000.0,1314
1,93,1000.0,515
2,93,1000.0,639
3,93,1000.0,1334
1,94,1000.0,523
2,94,1000.0,667
3,94,1000.0,1247
1,95,1000.0,503
2,95,1000.0,653
3,95,1000.0,1263
1,96,1000.0,520
2,96,1000.0,686
3,96,1000.0,1295
1,97,1000.0,540
2,97,1000.0,660
3,97,1000.0,1289
1,98,1000.0,516
2,98,1000.0,680
3,98,1000.0,1360
1,99,1000.0,520
2,99,1000.0,675
3,99,1000.0,1377
1,100,1000.0,535
2,100,1000.0,718
3,100,1000.0,1408
1,101,1000.0,528
2,101,1000.0,666
3,101,1000.0,1421
1,102,1000.0,533
2,102,1000.0,704
3,102,1000.0,1434
1,103,1000.0,563
2,103,1000.0,702
3,103,1000.0,1488
1,104,1000.0,561
2,104,1000.0,739
3,104,1000.0,1560
1,105,1000.0,566
2,105,1000.0,691
3,105,1000.0,1534
1,106,1000.0,573
2,106,1000.0,741
3,106,1000.0,1594
1,107,1000.0,577
2,107,1000.0,771
3,107,1000.0,1624
1,108,1000.0,599
2,108,1000.0,742
3,108,1000.0,1635
1,109,1000.0,588
2,109,1000.0,757
3,109,1000.0,1676
1,110,1000.0,606
2,110,1000.0,818
3,110,1000.0,1675
1,111,1000.0,605
2,111,1000.0,819
3,111,1000.0,1751
1,112,1000.0,607
2,112,1000.0,816
3,112,1000.0,1767
1,113,1000.0,641
2,113,1000.0,795
3,113,1000.0,1783
1,114,1000.0,632
2,114,1000.0,836
3,114,1000.0,1909
1,115,1000.0,642
2,115,1000.0,859
3,115,1000.0,1829
1,116,1000.0,647
2,116,1000.0,872
3,116,1000.0,1918
1,117,1000.0,663
2,117,1000.0,896
3,117,1000.0,1927
1,118,1000.0,687
2,118,1000.0,868
3,118,1000.0,2074
1,119,1000.0,677
2,119,1000.0,851
3,119,1000.0,1997
1,120,1000.0,713
2,120,1000.0,900
3,120,1000.0,2100
1,121,1000.0,680
2,121,1000.0,919
3,121,1000.0,2094
1,122,1000.0,683
2,122,1000.0,893
3,122,1000.0,2130
1,123,1000.0,697
2,123,1000.0,915
3,123,1000.0,2113
1,124,1000.0,729
2,124,1000.0,920
3,124,1000.0,2216
1,125,1000.0,724
2,125,1000.0,898
3,125,1000.0,2229
1,126,1000.0,746
2,126,1000.0,939
3,126,1000.0,2256
1,127,1000.0,739
2,127,1000.0,948
3,127,1000.0,2298
1,128,1000.0,730
2,128,1000.0,960
3,128,1000.0,2339
1,129,1000.0,748
2,129,1000.0,1001
3,129,1000.0,2436
1,130,1000.0,764
2,130,1000.0,1006
3,130,1000.0,2620
1,131,1000.0,769
2,131,1000.0,1005
3,131,1000.0,2445
1,132,1000.0,764
2,132,1000.0,1022
3,132,1000.0,2558
1,133,1000.0,819
2,133,1000.0,1047
3,133,1000.0,2533
1,134,1000.0,791
2,134,1000.0,1056
3,134,1000.0,2619
1,135,1000.0,797
2,135,1000.0,1032
3,135,1000.0,2686
1,136,1000.0,803
2,136,1000.0,1059
3,136,1000.0,2658
1,137,1000.0,815
2,137,1000.0,1075
3,137,1000.0,2711
1,138,1000.0,814
2,138,1000.0,1109
3,138,1000.0,2791
1,139,1000.0,845
2,139,1000.0,1086
3,139,1000.0,2825
1,140,1000.0,868
2,140,1000.0,1114
3,140,1000.0,2937
1,141,1000.0,858
2,141,1000.0,1130
3,141,1000.0,2962
1,142,1000.0,862
2,142,1000.0,1265
3,142,1000.0,3091
1,143,1000.0,868
2,143,1000.0,1181
3,143,1000.0,3005
1,144,1000.0,903
2,144,1000.0,1188
3,144,1000.0,3076
1,145,1000.0,921
2,145,1000.0,1163
3,145,1000.0,3129
1,146,1000.0,913
2,146,1000.0,1211
3,146,1000.0,3295
1,147,1000.0,921
2,147,1000.0,1215
3,147,1000.0,3242
1,148,1000.0,992
2,148,1000.0,1215
3,148,1000.0,3180
1,149,1000.0,940
2,149,1000.0,1228
3,149,1000.0,3351
1,150,1000.0,951
2,150,1000.0,1248
3,150,1000.0,3331
1,151,1000.0,944
2,151,1000.0,1254
3,151,1000.0,3426
1,152,1000.0,963
2,152,1000.0,1240
3,152,1000.0,3431
1,153,1000.0,960
2,153,1000.0,1277
3,153,1000.0,3503
1,154,1000.0,982
2,154,1000.0,1272
3,154,1000.0,3563
1,155,1000.0,984
2,155,1000.0,1272
3,155,1000.0,3567
1,156,1000.0,977
2,156,1000.0,1278
3,156,1000.0,3587
1,157,1000.0,1023
2,157,1000.0,1283
3,157,1000.0,3635
1,158,1000.0,1027
2,158,1000.0,1318
3,158,1000.0,3752
1,159,1000.0,1037
2,159,1000.0,1389
3,159,1000.0,3791
1,160,1000.0,995
2,160,1000.0,1341
3,160,1000.0,3793
1,161,1000.0,1075
2,161,1000.0,1362
3,161,1000.0,3784
1,162,1000.0,1075
2,162,1000.0,1357
3,162,1000.0,3933
1,163,1000.0,1016
2,163,1000.0,1403
3,163,1000.0,4189
1,164,1000.0,1094
2,164,1000.0,1421
3,164,1000.0,4245
1,165,1000.0,1011
2,165,1000.0,1407
3,165,1000.0,4314
1,166,1000.0,1051
2,166,1000.0,1418
3,166,1000.0,4340
1,167,1000.0,1232
2,167,1000.0,1467
3,167,1000.0,4437
1,168,1000.0,1106
2,168,1000.0,1469
3,168,1000.0,4713
1,169,1000.0,1143
2,169,1000.0,1445
3,169,1000.0,4584
1,170,1000.0,1138
2,170,1000.0,1477
3,170,1000.0,4586
1,171,1000.0,1136
2,171,1000.0,1473
3,171,1000.0,4317
1,172,1000.0,1139
2,172,1000.0,1498
3,172,1000.0,4588
1,173,1000.0,1177
2,173,1000.0,1528
3,173,1000.0,4801
1,174,1000.0,1158
2,174,1000.0,1515
3,174,1000.0,4742
1,175,1000.0,1168
2,175,1000.0,1546
3,175,1000.0,4854
1,176,1000.0,1168
2,176,1000.0,1540
3,176,1000.0,4952
1,177,1000.0,1196
2,177,1000.0,1625
3,177,1000.0,5107
1,178,1000.0,1228
2,178,1000.0,1561
3,178,1000.0,5138
1,179,1000.0,1333
2,179,1000.0,1711
3,179,1000.0,5154
1,180,1000.0,1282
2,180,1000.0,1646
3,180,1000.0,5276
1,181,1000.0,1268
2,181,1000.0,1649
3,181,1000.0,4870
1,182,1000.0,1318
2,182,1000.0,1656
3,182,1000.0,5625
1,183,1000.0,1344
2,183,1000.0,1686
3,183,1000.0,5592
1,184,1000.0,1307
2,184,1000.0,1744
3,184,1000.0,5370
1,185,1000.0,1282
2,185,1000.0,1714
3,185,1000.0,5405
1,186,1000.0,1326
2,186,1000.0,1704
3,186,1000.0,5553
1,187,1000.0,1293
2,187,1000.0,1698
3,187,1000.0,5488
1,188,1000.0,1329
2,188,1000.0,1713
3,188,1000.0,5645
1,189,1000.0,1330
2,189,1000.0,1736
3,189,1000.0,5900
1,190,1000.0,1336
2,190,1000.0,1734
3,190,1000.0,5783
1,191,1000.0,1348
2,191,1000.0,1738
3,191,1000.0,5948
1,192,1000.0,1417
2,192,1000.0,1789
3,192,1000.0,5888
1,193,1000.0,1360
2,193,1000.0,1807
3,193,1000.0,5776
1,194,1000.0,1366
2,194,1000.0,1802
3,194,1000.0,5991
1,195,1000.0,1469
2,195,1000.0,1914
3,195,1000.0,6505
1,196,1000.0,1445
2,196,1000.0,1884
3,196,1000.0,6305
1,197,1000.0,1405
2,197,1000.0,1855
3,197,1000.0,6278
1,198,1000.0,1423
2,198,1000.0,1821
3,198,1000.0,6279
1,199,1000.0,1425
2,199,1000.0,1816
3,199,1000.0,6547
1,200,1000.0,1468
2,200,1000.0,2025
3,200,1000.0,6926
1,201,1000.0,1493
2,201,1000.0,1939
3,201,1000.0,6338
1,202,1000.0,1523
2,202,1000.0,2018
3,202,1000.0,6764
1,203,1000.0,1520
2,203,1000.0,1895
3,203,1000.0,6603
1,204,1000.0,1490
2,204,1000.0,1930
3,204,1000.0,6655
1,205,1000.0,1555
2,205,1000.0,1958
3,205,1000.0,6824
1,206,1000.0,1556
2,206,1000.0,1955
3,206,1000.0,6790
1,207,1000.0,1543
2,207,1000.0,1966
3,207,1000.0,6905
1,208,1000.0,1542
2,208,1000.0,2008
3,208,1000.0,7258
1,209,1000.0,1592
2,209,1000.0,2037
3,209,1000.0,7166
1,210,1000.0,1532
2,210,1000.0,2004
3,210,1000.0,7275
1,211,1000.0,1569
2,211,1000.0,2138
3,211,1000.0,7557
1,212,1000.0,1648
2,212,1000.0,2075
3,212,1000.0,7361
1,213,1000.0,1623
2,213,1000.0,2127
3,213,1000.0,7314
1,214,1000.0,1592
2,214,1000.0,2044
3,214,1000.0,7419
1,215,1000.0,1584
2,215,1000.0,2117
3,215,1000.0,7556
1,216,1000.0,1707
2,216,1000.0,2153
3,216,1000.0,7818
1,217,1000.0,1646
2,217,1000.0,2156
3,217,1000.0,7777
1,218,1000.0,1650
2,218,1000.0,2282
3,218,1000.0,8468
1,219,1000.0,1768
2,219,1000.0,2315
3,219,1000.0,8377
1,220,1000.0,1730
2,220,1000.0,2242
3,220,1000.0,8733
1,221,1000.0,1722
2,221,1000.0,2251
3,221,1000.0,8439
1,222,1000.0,1778
2,222,1000.0,2347
3,222,1000.0,8051
1,223,1000.0,1729
2,223,1000.0,2243
3,223,1000.0,8144
1,224,1000.0,1769
2,224,1000.0,2210
3,224,1000.0,8109
1,225,1000.0,1713
2,225,1000.0,2326
3,225,1000.0,8238
1,226,1000.0,1723
2,226,1000.0,2263
3,226,1000.0,8401
1,227,1000.0,1834
2,227,1000.0,2356
3,227,1000.0,8745
1,228,1000.0,1764
2,228,1000.0,2322
3,228,1000.0,8989
1,229,1000.0,1771
2,229,1000.0,2350
3,229,1000.0,8670
1,230,1000.0,1772
2,230,1000.0,2313
3,230,1000.0,8779
1,231,1000.0,1803
2,231,1000.0,2306
3,231,1000.0,9174
1,232,1000.0,1871
2,232,1000.0,2407
3,232,1000.0,9753
1,233,1000.0,1931
2,233,1000.0,2353
3,233,1000.0,8730
1,234,1000.0,1900
2,234,1000.0,2481
3,234,1000.0,9096
1,235,1000.0,1862
2,235,1000.0,2369
3,235,1000.0,9117
1,236,1000.0,1854
2,236,1000.0,2389
3,236,1000.0,9027
1,237,1000.0,1861
2,237,1000.0,2425
3,237,1000.0,9005
1,238,1000.0,1930
2,238,1000.0,2394
3,238,1000.0,9374
1,239,1000.0,1953
2,239,1000.0,2466
3,239,1000.0,9549
1,240,1000.0,1900
2,240,1000.0,2462
3,240,1000.0,9136
1,241,1000.0,2042
2,241,1000.0,2449
3,241,1000.0,9479
1,242,1000.0,1907
2,242,1000.0,2462
3,242,1000.0,9571
1,243,1000.0,1924
2,243,1000.0,2598
3,243,1000.0,9602
1,244,1000.0,1903
2,244,1000.0,2517
3,244,1000.0,9488
1,245,1000.0,1966
2,245,1000.0,2562
3,245,1000.0,9852
1,246,1000.0,2015
2,246,1000.0,2452
3,246,1000.0,9873
1,247,1000.0,2001
2,247,1000.0,2618
3,247,1000.0,9938
1,248,1000.0,2001
2,248,1000.0,2565
3,248,1000.0,10114
1,249,1000.0,2077
2,249,1000.0,2546
3,249,1000.0,9739
1,250,1000.0,2064
2,250,1000.0,2578
3,250,1000.0,9699
1,251,1000.0,2057
2,251,1000.0,2678
3,251,1000.0,10183
1,252,1000.0,2057
2,252,1000.0,2592
3,252,1000.0,10026
1,253,1000.0,2052
2,253,1000.0,2625
3,253,1000.0,10091
1,254,1000.0,2080
2,254,1000.0,2679
3,254,1000.0,10587
1,255,1000.0,2087
2,255,1000.0,2706
3,255,1000.0,10242
1,256,1000.0,2108
2,256,1000.0,2663
3,256,1000.0,10912
1,257,1000.0,2122
2,257,1000.0,2742
3,257,1000.0,10821
1,258,1000.0,2094
2,258,1000.0,2833
3,258,1000.0,10887
1,259,1000.0,2145
2,259,1000.0,2818
3,259,1000.0,10931
1,260,1000.0,2192
2,260,1000.0,2822
3,260,1000.0,11137
1,261,1000.0,2137
2,261,1000.0,2841
3,261,1000.0,11084
1,262,1000.0,2198
2,262,1000.0,2816
3,262,1000.0,11067
1,263,1000.0,2278
2,263,1000.0,2837
3,263,1000.0,10822
1,264,1000.0,2191
2,264,1000.0,2803
3,264,1000.0,10730
1,265,1000.0,2210
2,265,1000.0,2867
3,265,1000.0,10942
1,266,1000.0,2279
2,266,1000.0,2813
3,266,1000.0,11298
1,267,1000.0,2267
2,267,1000.0,2807
3,267,1000.0,11012
1,268,1000.0,2243
2,268,1000.0,2844
3,268,1000.0,11713
1,269,1000.0,2257
2,269,1000.0,2968
3,269,1000.0,12152
1,270,1000.0,2253
2,270,1000.0,2974
3,270,1000.0,11554
1,271,1000.0,2294
2,271,1000.0,2946
3,271,1000.0,12123
1,272,1000.0,2294
2,272,1000.0,2962
3,272,1000.0,12284
1,273,1000.0,2349
2,273,1000.0,2959
3,273,1000.0,12238
1,274,1000.0,2496
2,274,1000.0,3002
3,274,1000.0,11918
1,275,1000.0,2286
2,275,1000.0,2929
3,275,1000.0,12228
1,276,1000.0,2375
2,276,1000.0,3012
3,276,1000.0,12251
1,277,1000.0,2330
2,277,1000.0,3019
3,277,1000.0,12492
1,278,1000.0,2442
2,278,1000.0,3004
3,278,1000.0,12606
1,279,1000.0,2445
2,279,1000.0,3026
3,279,1000.0,12724
1,280,1000.0,2422
2,280,1000.0,3070
3,280,1000.0,13208
1,281,1000.0,2495
2,281,1000.0,3083
3,281,1000.0,13126
1,282,1000.0,2529
2,282,1000.0,3150
3,282,1000.0,13420
1,283,1000.0,2426
2,283,1000.0,3172
3,283,1000.0,13391
1,284,1000.0,2573
2,284,1000.0,3119
3,284,1000.0,13347
1,285,1000.0,2447
2,285,1000.0,3151
3,285,1000.0,13586
1,286,1000.0,2498
2,286,1000.0,3285
3,286,1000.0,13394
1,287,1000.0,2532
2,287,1000.0,3159
3,287,1000.0,13686
1,288,1000.0,2573
2,288,1000.0,3164
3,288,1000.0,13529
1,289,1000.0,2508
2,289,1000.0,3288
3,289,1000.0,13712
1,290,1000.0,2957
2,290,1000.0,3442
3,290,1000.0,14810
1,291,1000.0,2646
2,291,1000.0,3270
3,291,1000.0,13983
1,292,1000.0,2617
2,292,1000.0,3320
3,292,1000.0,14012
1,293,1000.0,2615
2,293,1000.0,3248
3,293,1000.0,14323
1,294,1000.0,2590
2,294,1000.0,3350
3,294,1000.0,15158
1,295,1000.0,2729
2,295,1000.0,3299
3,295,1000.0,14274
1,296,1000.0,2623
2,296,1000.0,3264
3,296,1000.0,14176
1,297,1000.0,2693
2,297,1000.0,3324
3,297,1000.0,14944
1,298,1000.0,2639
2,298,1000.0,3360
3,298,1000.0,14722
1,299,1000.0,2618
2,299,1000.0,3369
3,299,1000.0,14726
1,300,1000.0,2774
2,300,1000.0,3369
3,300,1000.0,15025
1,301,1000.0,2727
2,301,1000.0,3367
3,301,1000.0,15379
1,302,1000.0,2690
2,302,1000.0,3454
3,302,1000.0,15401
1,303,1000.0,2737
2,303,1000.0,3434
3,303,1000.0,15369
1,304,1000.0,2811
2,304,1000.0,3614
3,304,1000.0,15698
1,305,1000.0,2886
2,305,1000.0,3417
3,305,1000.0,15879
1,306,1000.0,2734
2,306,1000.0,3545
3,306,1000.0,15706
1,307,1000.0,2805
2,307,1000.0,3576
3,307,1000.0,16017
1,308,1000.0,2800
2,308,1000.0,3582
3,308,1000.0,16007
1,309,1000.0,2881
2,309,1000.0,3462
3,309,1000.0,16290
1,310,1000.0,2814
2,310,1000.0,3645
3,310,1000.0,16642
1,311,1000.0,2840
2,311,1000.0,3611
3,311,1000.0,15873
1,312,1000.0,2830
2,312,1000.0,3668
3,312,1000.0,16311
1,313,1000.0,2995
2,313,1000.0,3654
3,313,1000.0,15980
1,314,1000.0,2865
2,314,1000.0,3624
3,314,1000.0,16530
1,315,1000.0,2915
2,315,1000.0,3660
3,315,1000.0,16905
1,316,1000.0,2946
2,316,1000.0,3735
3,316,1000.0,16897
1,317,1000.0,2945
2,317,1000.0,3671
3,317,1000.0,16473
1,318,1000.0,2943
2,318,1000.0,3835
3,318,1000.0,17510
1,319,1000.0,3004
2,319,1000.0,3700
3,319,1000.0,16779
1,320,1000.0,2959
2,320,1000.0,3696
3,320,1000.0,18423
1,321,1000.0,3067
2,321,1000.0,3954
3,321,1000.0,17775
1,322,1000.0,3114
2,322,1000.0,3720
3,322,1000.0,17262
1,323,1000.0,2995
2,323,1000.0,3792
3,323,1000.0,17524
1,324,1000.0,3116
2,324,1000.0,3760
3,324,1000.0,17864
1,325,1000.0,3040
2,325,1000.0,3768
3,325,1000.0,17350
1,326,1000.0,3153
2,326,1000.0,3796
3,326,1000.0,18580
1,327,1000.0,3166
2,327,1000.0,3770
3,327,1000.0,17957
1,328,1000.0,3095
2,328,1000.0,3867
3,328,1000.0,18910
1,329,1000.0,3055
2,329,1000.0,3884
3,329,1000.0,19300
1,330,1000.0,3063
2,330,1000.0,3826
3,330,1000.0,19409
1,331,1000.0,3253
2,331,1000.0,3846
3,331,1000.0,18249
1,332,1000.0,3278
2,332,1000.0,3918
3,332,1000.0,18922
1,333,1000.0,3159
2,333,1000.0,4033
3,333,1000.0,18978
1,334,1000.0,3382
2,334,1000.0,4007
3,334,1000.0,19646
1,335,1000.0,3184
2,335,1000.0,4123
3,335,1000.0,19312
1,336,1000.0,3287
2,336,1000.0,4013
3,336,1000.0,19549
1,337,1000.0,3187
2,337,1000.0,4203
3,337,1000.0,19456
1,338,1000.0,3377
2,338,1000.0,3980
3,338,1000.0,19685
1,339,1000.0,3344
2,339,1000.0,4132
3,339,1000.0,20076
1,340,1000.0,3258
2,340,1000.0,4074
3,340,1000.0,19844
1,341,1000.0,3329
2,341,1000.0,4208
3,341,1000.0,19505
1,342,1000.0,3336
2,342,1000.0,4106
3,342,1000.0,20267
1,343,1000.0,3341
2,343,1000.0,4170
3,343,1000.0,20175
1,344,1000.0,3457
2,344,1000.0,4063
3,344,1000.0,20660
1,345,1000.0,3358
2,345,1000.0,4120
3,345,1000.0,20266
1,346,1000.0,3471
2,346,1000.0,4093
3,346,1000.0,20569
1,347,1000.0,3452
2,347,1000.0,4265
3,347,1000.0,20389
1,348,1000.0,3451
2,348,1000.0,4296
3,348,1000.0,20860
1,349,1000.0,3493
2,349,1000.0,4424
3,349,1000.0,21243
1,350,1000.0,3416
2,350,1000.0,4430
3,350,1000.0,20100
1,351,1000.0,3519
2,351,1000.0,4291
3,351,1000.0,21149
1,352,1000.0,3554
2,352,1000.0,4256
3,352,1000.0,21311
1,353,1000.0,3520
2,353,1000.0,4424
3,353,1000.0,20954
1,354,1000.0,3514
2,354,1000.0,4476
3,354,1000.0,21415
1,355,1000.0,3510
2,355,1000.0,4519
3,355,1000.0,21654
1,356,1000.0,3723
2,356,1000.0,4405
3,356,1000.0,21405
1,357,1000.0,3616
2,357,1000.0,4587
3,357,1000.0,21496
1,358,1000.0,3491
2,358,1000.0,4540
3,358,1000.0,21457
1,359,1000.0,3676
2,359,1000.0,4439
3,359,1000.0,21581
1,360,1000.0,3711
2,360,1000.0,4424
3,360,1000.0,22364
1,361,1000.0,3771
2,361,1000.0,4455
3,361,1000.0,22152
1,362,1000.0,3633
2,362,1000.0,4442
3,362,1000.0,22658
1,363,1000.0,3771
2,363,1000.0,4478
3,363,1000.0,22558
1,364,1000.0,3487
2,364,1000.0,4528
3,364,1000.0,22929
1,365,1000.0,3690
2,365,1000.0,4627
3,365,1000.0,22871
1,366,1000.0,3735
2,366,1000.0,4519
3,366,1000.0,22395
1,367,1000.0,3804
2,367,1000.0,4525
3,367,1000.0,22469
1,368,1000.0,3870
2,368,1000.0,4538
3,368,1000.0,23062
1,369,1000.0,3972
2,369,1000.0,4746
3,369,1000.0,23362
1,370,1000.0,3813
2,370,1000.0,4706
3,370,1000.0,23415
1,371,1000.0,3851
2,371,1000.0,4780
3,371,1000.0,23393
1,372,1000.0,3989
2,372,1000.0,4693
3,372,1000.0,24222
1,373,1000.0,3854
2,373,1000.0,4758
3,373,1000.0,23854
1,374,1000.0,3903
2,374,1000.0,4769
3,374,1000.0,23815
1,375,1000.0,3920
2,375,1000.0,4948
3,375,1000.0,24621
1,376,1000.0,3930
2,376,1000.0,4711
3,376,1000.0,24681
1,377,1000.0,3859
2,377,1000.0,4849
3,377,1000.0,24889
1,378,1000.0,3896
2,378,1000.0,4781
3,378,1000.0,24535
1,379,1000.0,4090
2,379,1000.0,4740
3,379,1000.0,25054
1,380,1000.0,4097
2,380,1000.0,4759
3,380,1000.0,24858
1,381,1000.0,4133
2,381,1000.0,5101
3,381,1000.0,24954
1,382,1000.0,4032
2,382,1000.0,4817
3,382,1000.0,25054
1,383,1000.0,4160
2,383,1000.0,4914
3,383,1000.0,25459
1,384,1000.0,3982
2,384,1000.0,4904
3,384,1000.0,26163
1,385,1000.0,4088
2,385,1000.0,5050
3,385,1000.0,25235
1,386,1000.0,4108
2,386,1000.0,5128
3,386,1000.0,26496
1,387,1000.0,4145
2,387,1000.0,5094
3,387,1000.0,26400
1,388,1000.0,4291
2,388,1000.0,4961
3,388,1000.0,26787
1,389,1000.0,4223
2,389,1000.0,5026
3,389,1000.0,26380
1,390,1000.0,4192
2,390,1000.0,5023
3,390,1000.0,26242
1,391,1000.0,4229
2,391,1000.0,5016
3,391,1000.0,26772
1,392,1000.0,4208
2,392,1000.0,5048
3,392,1000.0,27108
1,393,1000.0,4154
2,393,1000.0,5047
3,393,1000.0,27128
1,394,1000.0,4166
2,394,1000.0,5205
3,394,1000.0,27159
1,395,1000.0,4232
2,395,1000.0,5252
3,395,1000.0,27559
1,396,1000.0,4273
2,396,1000.0,5254
3,396,1000.0,27211
1,397,1000.0,4240
2,397,1000.0,5310
3,397,1000.0,28284
1,398,1000.0,4240
2,398,1000.0,5304
3,398,1000.0,27033
1,399,1000.0,4274
2,399,1000.0,5641
3,399,1000.0,27752
1,400,1000.0,4380
2,400,1000.0,5298
3,400,1000.0,26861
1,401,1000.0,4419
2,401,1000.0,5216
3,401,1000.0,27489
1,402,1000.0,4356
2,402,1000.0,5333
3,402,1000.0,28078
1,403,1000.0,4346
2,403,1000.0,5294
3,403,1000.0,28063
1,404,1000.0,4352
2,404,1000.0,5462
3,404,1000.0,28093
1,405,1000.0,4360
2,405,1000.0,5563
3,405,1000.0,28629
1,406,1000.0,4399
2,406,1000.0,5333
3,406,1000.0,28140
1,407,1000.0,4373
2,407,1000.0,5435
3,407,1000.0,28206
1,408,1000.0,4417
2,408,1000.0,5486
3,408,1000.0,29111
1,409,1000.0,4399
2,409,1000.0,5512
3,409,1000.0,29304
1,410,1000.0,4546
2,410,1000.0,5620
3,410,1000.0,29961
1,411,1000.0,4525
2,411,1000.0,5627
3,411,1000.0,29607
1,412,1000.0,4482
2,412,1000.0,5552
3,412,1000.0,29086
1,413,1000.0,4725
2,413,1000.0,5442
3,413,1000.0,29571
1,414,1000.0,4705
2,414,1000.0,5501
3,414,1000.0,29676
1,415,1000.0,4429
2,415,1000.0,5637
3,415,1000.0,29696
1,416,1000.0,4540
2,416,1000.0,5633
3,416,1000.0,30159
1,417,1000.0,4554
2,417,1000.0,5682
3,417,1000.0,30200
1,418,1000.0,4648
2,418,1000.0,5558
3,418,1000.0,30768
1,419,1000.0,4689
2,419,1000.0,5702
3,419,1000.0,30770
1,420,1000.0,4575
2,420,1000.0,5736
3,420,1000.0,31076
1,421,1000.0,4656
2,421,1000.0,5688
3,421,1000.0,31285
1,422,1000.0,4652
2,422,1000.0,5749
3,422,1000.0,30189
1,423,1000.0,4734
2,423,1000.0,5751
3,423,1000.0,31451
1,424,1000.0,4764
2,424,1000.0,5796
3,424,1000.0,31111
1,425,1000.0,4975
2,425,1000.0,5815
3,425,1000.0,32035
1,426,1000.0,4686
2,426,1000.0,5832
3,426,1000.0,31862
1,427,1000.0,4765
2,427,1000.0,5834
3,427,1000.0,32131
1,428,1000.0,4860
2,428,1000.0,5983
3,428,1000.0,31644
1,429,1000.0,4860
2,429,1000.0,5744
3,429,1000.0,33109
1,430,1000.0,4772
2,430,1000.0,5859
3,430,1000.0,32236
1,431,1000.0,4805
2,431,1000.0,5789
3,431,1000.0,32400
1,432,1000.0,4802
2,432,1000.0,5939
3,432,1000.0,32437
1,433,1000.0,4989
2,433,1000.0,5857
3,433,1000.0,33392
1,434,1000.0,4995
2,434,1000.0,6016
3,434,1000.0,33343
1,435,1000.0,5025
2,435,1000.0,6189
3,435,1000.0,33293
1,436,1000.0,5202
2,436,1000.0,5818
3,436,1000.0,33929
1,437,1000.0,4945
2,437,1000.0,5968
3,437,1000.0,34698
1,438,1000.0,5053
2,438,1000.0,5866
3,438,1000.0,32745
1,439,1000.0,4998
2,439,1000.0,5980
3,439,1000.0,33688
1,440,1000.0,5027
2,440,1000.0,6124
3,440,1000.0,33980
1,441,1000.0,5127
2,441,1000.0,6140
3,441,1000.0,33845
1,442,1000.0,5019
2,442,1000.0,6122
3,442,1000.0,34100
1,443,1000.0,5037
2,443,1000.0,6118
3,443,1000.0,34439
1,444,1000.0,5217
2,444,1000.0,6261
3,444,1000.0,35118
1,445,1000.0,5155
2,445,1000.0,6194
3,445,1000.0,35012
1,446,1000.0,5258
2,446,1000.0,6312
3,446,1000.0,34998
1,447,1000.0,5272
2,447,1000.0,6085
3,447,1000.0,35399
1,448,1000.0,5245
2,448,1000.0,6059
3,448,1000.0,35581
1,449,1000.0,5221
2,449,1000.0,6197
3,449,1000.0,35491
1,450,1000.0,5293
2,450,1000.0,6247
3,450,1000.0,36452
1,451,1000.0,5202
2,451,1000.0,6149
3,451,1000.0,36662
1,452,1000.0,5183
2,452,1000.0,6421
3,452,1000.0,35701
1,453,1000.0,5179
2,453,1000.0,6221
3,453,1000.0,36608
1,454,1000.0,5341
2,454,1000.0,6405
3,454,1000.0,34518
1,455,1000.0,5306
2,455,1000.0,6402
3,455,1000.0,36085
1,456,1000.0,5382
2,456,1000.0,6424
3,456,1000.0,36277
1,457,1000.0,5386
2,457,1000.0,6339
3,457,1000.0,35902
1,458,1000.0,5322
2,458,1000.0,6409
3,458,1000.0,38329
1,459,1000.0,5400
2,459,1000.0,6510
3,459,1000.0,36744
1,460,1000.0,5468
2,460,1000.0,6655
3,460,1000.0,37247
1,461,1000.0,5483
2,461,1000.0,6399
3,461,1000.0,37879
1,462,1000.0,5685
2,462,1000.0,6382
3,462,1000.0,38998
1,463,1000.0,5428
2,463,1000.0,6549
3,463,1000.0,38212
1,464,1000.0,5559
2,464,1000.0,6670
3,464,1000.0,36902
1,465,1000.0,5454
2,465,1000.0,6471
3,465,1000.0,37635
1,466,1000.0,5698
2,466,1000.0,6456
3,466,1000.0,38980
1,467,1000.0,5569
2,467,1000.0,6783
3,467,1000.0,37355
1,468,1000.0,5537
2,468,1000.0,6907
3,468,1000.0,38718
1,469,1000.0,5602
2,469,1000.0,6726
3,469,1000.0,39490
1,470,1000.0,5556
2,470,1000.0,6772
3,470,1000.0,38615
1,471,1000.0,5844
2,471,1000.0,6589
3,471,1000.0,40053
1,472,1000.0,5847
2,472,1000.0,6745
3,472,1000.0,38792
1,473,1000.0,5608
2,473,1000.0,6820
3,473,1000.0,39159
1,474,1000.0,5699
2,474,1000.0,6798
3,474,1000.0,39697
1,475,1000.0,5816
2,475,1000.0,6622
3,475,1000.0,39872
1,476,1000.0,5838
2,476,1000.0,6869
3,476,1000.0,40272
1,477,1000.0,5681
2,477,1000.0,6863
3,477,1000.0,39377
1,478,1000.0,5803
2,478,1000.0,6895
3,478,1000.0,41180
1,479,1000.0,5757
2,479,1000.0,6862
3,479,1000.0,41028
1,480,1000.0,5796
2,480,1000.0,6926
3,480,1000.0,39565
1,481,1000.0,5919
2,481,1000.0,6814
3,481,1000.0,41471
1,482,1000.0,5739
2,482,1000.0,7663
3,482,1000.0,40520
1,483,1000.0,5998
2,483,1000.0,6773
3,483,1000.0,41197
1,484,1000.0,5776
2,484,1000.0,6994
3,484,1000.0,40831
1,485,1000.0,5943
2,485,1000.0,6997
3,485,1000.0,41482
1,486,1000.0,5982
2,486,1000.0,7067
3,486,1000.0,41361
1,487,1000.0,5925
2,487,1000.0,7184
3,487,1000.0,41418
1,488,1000.0,5633
2,488,1000.0,6854
3,488,1000.0,42476
1,489,1000.0,6030
2,489,1000.0,7061
3,489,1000.0,42039
1,490,1000.0,5992
2,490,1000.0,7181
3,490,1000.0,43075
1,491,1000.0,6153
2,491,1000.0,6905
3,491,1000.0,42461
1,492,1000.0,5981
2,492,1000.0,7186
3,492,1000.0,42457
1,493,1000.0,5959
2,493,1000.0,7391
3,493,1000.0,43236
1,494,1000.0,6117
2,494,1000.0,7051
3,494,1000.0,43243
1,495,1000.0,6045
2,495,1000.0,7250
3,495,1000.0,43354
1,496,1000.0,6133
2,496,1000.0,7304
3,496,1000.0,43852
1,497,1000.0,6017
2,497,1000.0,7346
3,497,1000.0,43534
1,498,1000.0,6069
2,498,1000.0,7210
3,498,1000.0,43387
1,499,1000.0,6424
2,499,1000.0,7108
3,499,1000.0,44053
1,500,1000.0,6280
2,500,1000.0,7389
3,500,1000.0,44465
1,501,1000.0,6150
2,501,1000.0,7360
3,501,1000.0,44473
1,502,1000.0,6285
2,502,1000.0,7217
3,502,1000.0,44213
1,503,1000.0,6308
2,503,1000.0,7449
3,503,1000.0,44893
1,504,1000.0,6261
2,504,1000.0,7456
3,504,1000.0,45523
1,505,1000.0,6426
2,505,1000.0,7526
3,505,1000.0,45295
1,506,1000.0,6383
2,506,1000.0,7660
3,506,1000.0,45317
1,507,1000.0,6539
2,507,1000.0,7592
3,507,1000.0,45821
1,508,1000.0,6404
2,508,1000.0,7797
3,508,1000.0,45803
1,509,1000.0,6169
2,509,1000.0,7592
3,509,1000.0,45729
1,510,1000.0,6423
2,510,1000.0,7596
3,510,1000.0,46220
1,511,1000.0,6209
2,511,1000.0,7714
3,511,1000.0,46979
1,512,1000.0,6406
2,512,1000.0,7720
3,512,1000.0,46902
1,513,1000.0,6381
2,513,1000.0,7753
3,513,1000.0,47182
1,514,1000.0,6557
2,514,1000.0,7566
3,514,1000.0,47575
1,515,1000.0,6692
2,515,1000.0,7624
3,515,1000.0,46708
1,516,1000.0,6586
2,516,1000.0,7739
3,516,1000.0,47202
1,517,1000.0,6527
2,517,1000.0,7776
3,517,1000.0,48041
1,518,1000.0,6675
2,518,1000.0,7833
3,518,1000.0,47688
1,519,1000.0,6634
2,519,1000.0,7632
3,519,1000.0,48535
1,520,1000.0,6554
2,520,1000.0,7995
3,520,1000.0,48479
1,521,1000.0,6599
2,521,1000.0,7871
3,521,1000.0,49292
1,522,1000.0,6680
2,522,1000.0,7633
3,522,1000.0,48141
1,523,1000.0,6733
2,523,1000.0,8003
3,523,1000.0,49742
1,524,1000.0,6543
2,524,1000.0,7736
3,524,1000.0,49176
1,525,1000.0,6774
2,525,1000.0,8002
3,525,1000.0,50130
1,526,1000.0,6752
2,526,1000.0,7905
3,526,1000.0,51017
1,527,1000.0,6708
2,527,1000.0,7976
3,527,1000.0,49728
1,528,1000.0,7029
2,528,1000.0,7915
3,528,1000.0,50093
1,529,1000.0,6727
2,529,1000.0,8129
3,529,1000.0,50886
1,530,1000.0,6833
2,530,1000.0,8152
3,530,1000.0,49887
1,531,1000.0,7218
2,531,1000.0,7999
3,531,1000.0,51311
1,532,1000.0,6931
2,532,1000.0,8249
3,532,1000.0,52538
1,533,1000.0,6885
2,533,1000.0,8138
3,533,1000.0,51127
1,534,1000.0,6864
2,534,1000.0,7905
3,534,1000.0,51468
1,535,1000.0,7021
2,535,1000.0,8283
3,535,1000.0,51743
1,536,1000.0,6837
2,536,1000.0,8155
3,536,1000.0,51955
1,537,1000.0,6986
2,537,1000.0,8234
3,537,1000.0,51969
1,538,1000.0,7040
2,538,1000.0,8279
3,538,1000.0,52537
1,539,1000.0,7054
2,539,1000.0,8194
3,539,1000.0,52294
1,540,1000.0,7045
2,540,1000.0,8249
3,540,1000.0,52652
1,541,1000.0,7058
2,541,1000.0,8356
3,541,1000.0,51859
1,542,1000.0,7251
2,542,1000.0,8140
3,542,1000.0,53043
1,543,1000.0,7058
2,543,1000.0,8453
3,543,1000.0,52775
1,544,1000.0,7180
2,544,1000.0,8343
3,544,1000.0,53452
1,545,1000.0,7116
2,545,1000.0,8413
3,545,1000.0,54105
1,546,1000.0,7003
2,546,1000.0,8558
3,546,1000.0,53603
1,547,1000.0,7303
2,547,1000.0,8510
3,547,1000.0,53845
1,548,1000.0,7400
2,548,1000.0,8260
3,548,1000.0,53952
1,549,1000.0,7100
2,549,1000.0,8589
3,549,1000.0,54903
1,550,1000.0,7357
2,550,1000.0,8373
3,550,1000.0,54519
1,551,1000.0,7525
2,551,1000.0,8707
3,551,1000.0,55068
1,552,1000.0,7200
2,552,1000.0,8534
3,552,1000.0,53839
1,553,1000.0,7257
2,553,1000.0,8831
3,553,1000.0,55862
1,554,1000.0,7472
2,554,1000.0,8699
3,554,1000.0,55250
1,555,1000.0,7428
2,555,1000.0,8638
3,555,1000.0,56339
1,556,1000.0,7461
2,556,1000.0,8722
3,556,1000.0,55934
1,557,1000.0,7557
2,557,1000.0,8682
3,557,1000.0,55438
1,558,1000.0,7429
2,558,1000.0,8812
3,558,1000.0,56126
1,559,1000.0,7551
2,559,1000.0,8763
3,559,1000.0,56808
1,560,1000.0,7361
2,560,1000.0,8793
3,560,1000.0,56017
1,561,1000.0,7647
2,561,1000.0,8822
3,561,1000.0,57450
1,562,1000.0,7650
2,562,1000.0,9052
3,562,1000.0,56962
1,563,1000.0,7717
2,563,1000.0,8934
3,563,1000.0,57044
1,564,1000.0,7542
2,564,1000.0,9206
3,564,1000.0,58007
1,565,1000.0,7627
2,565,1000.0,8982
3,565,1000.0,58617
1,566,1000.0,7877
2,566,1000.0,8706
3,566,1000.0,58735
1,567,1000.0,7826
2,567,1000.0,8743
3,567,1000.0,58133
1,568,1000.0,7660
2,568,1000.0,9081
3,568,1000.0,58173
1,569,1000.0,7536
2,569,1000.0,9101
3,569,1000.0,58564
1,570,1000.0,7972
2,570,1000.0,8776
3,570,1000.0,59285
1,571,1000.0,7784
2,571,1000.0,9258
3,571,1000.0,58421
1,572,1000.0,8107
2,572,1000.0,9265
3,572,1000.0,60350
1,573,1000.0,7933
2,573,1000.0,9135
3,573,1000.0,59677
1,574,1000.0,7913
2,574,1000.0,8916
3,574,1000.0,60387
1,575,1000.0,7849
2,575,1000.0,9244
3,575,1000.0,60589
1,576,1000.0,7810
2,576,1000.0,9165
3,576,1000.0,59698
1,577,1000.0,8165
2,577,1000.0,8941
3,577,1000.0,60659
1,578,1000.0,8512
2,578,1000.0,9040
3,578,1000.0,59817
1,579,1000.0,7894
2,579,1000.0,9289
3,579,1000.0,60550
1,580,1000.0,7922
2,580,1000.0,9302
3,580,1000.0,61120
1,581,1000.0,8083
2,581,1000.0,9341
3,581,1000.0,60713
1,582,1000.0,7958
2,582,1000.0,9065
3,582,1000.0,60798
1,583,1000.0,7903
2,583,1000.0,9366
3,583,1000.0,61210
1,584,1000.0,8309
2,584,1000.0,9171
3,584,1000.0,62071
1,585,1000.0,8574
2,585,1000.0,9252
3,585,1000.0,63062
1,586,1000.0,8073
2,586,1000.0,9510
3,586,1000.0,62053
1,587,1000.0,8162
2,587,1000.0,9382
3,587,1000.0,62917
1,588,1000.0,8217
2,588,1000.0,9717
3,588,1000.0,61928
1,589,1000.0,8451
2,589,1000.0,9403
3,589,1000.0,62848
1,590,1000.0,8404
2,590,1000.0,9745
3,590,1000.0,62536
1,591,1000.0,8092
2,591,1000.0,9638
3,591,1000.0,63169
1,592,1000.0,8338
2,592,1000.0,9611
3,592,1000.0,64729
1,593,1000.0,8141
2,593,1000.0,9844
3,593,1000.0,62987
1,594,1000.0,8240
2,594,1000.0,9828
3,594,1000.0,64953
1,595,1000.0,8717
2,595,1000.0,9549
3,595,1000.0,65140
1,596,1000.0,8253
2,596,1000.0,9620
3,596,1000.0,64545
1,597,1000.0,8204
2,597,1000.0,9682
3,597,1000.0,64283
1,598,1000.0,8512
2,598,1000.0,9883
3,598,1000.0,65270
1,599,1000.0,8409
2,599,1000.0,9715
3,599,1000.0,64967
1,600,1000.0,8471
2,600,1000.0,9865
3,600,1000.0,65669
1,601,1000.0,8554
2,601,1000.0,9865
3,601,1000.0,64569
1,602,1000.0,8541
2,602,1000.0,9746
3,602,1000.0,65804
1,603,1000.0,8292
2,603,1000.0,10001
3,603,1000.0,66476
1,604,1000.0,8392
2,604,1000.0,9971
3,604,1000.0,67073
1,605,1000.0,8594
2,605,1000.0,10258
3,605,1000.0,67071
1,606,1000.0,8602
2,606,1000.0,10059
3,606,1000.0,67285
1,607,1000.0,8679
2,607,1000.0,10094
3,607,1000.0,66897
1,608,1000.0,8591
2,608,1000.0,10001
3,608,1000.0,66442
1,609,1000.0,8466
2,609,1000.0,10009
3,609,1000.0,68475
1,610,1000.0,8629
2,610,1000.0,10025
3,610,1000.0,68185
1,611,1000.0,8792
2,611,1000.0,10003
3,611,1000.0,67644
1,612,1000.0,8865
2,612,1000.0,10447
3,612,1000.0,68655
1,613,1000.0,8623
2,613,1000.0,10160
3,613,1000.0,68677
1,614,1000.0,8881
2,614,1000.0,10340
3,614,1000.0,68014
1,615,1000.0,8942
2,615,1000.0,10151
3,615,1000.0,69382
1,616,1000.0,8858
2,616,1000.0,10301
3,616,1000.0,70534
1,617,1000.0,8698
2,617,1000.0,10223
3,617,1000.0,69517
1,618,1000.0,8712
2,618,1000.0,10173
3,618,1000.0,70633
1,619,1000.0,8941
2,619,1000.0,10238
3,619,1000.0,68825
1,620,1000.0,8875
2,620,1000.0,10087
3,620,1000.0,71275
1,621,1000.0,8821
2,621,1000.0,10519
3,621,1000.0,70673
1,622,1000.0,9228
2,622,1000.0,10071
3,622,1000.0,71725
1,623,1000.0,9305
2,623,1000.0,10152
3,623,1000.0,70553
1,624,1000.0,9116
2,624,1000.0,10443
3,624,1000.0,73631
1,625,1000.0,9261
2,625,1000.0,10458
3,625,1000.0,72121
1,626,1000.0,9013
2,626,1000.0,10663
3,626,1000.0,71587
1,627,1000.0,9181
2,627,1000.0,10197
3,627,1000.0,72275
1,628,1000.0,9335
2,628,1000.0,10449
3,628,1000.0,70996
1,629,1000.0,9177
2,629,1000.0,10592
3,629,1000.0,73421
1,630,1000.0,8920
2,630,1000.0,10794
3,630,1000.0,72039
1,631,1000.0,8944
2,631,1000.0,10383
3,631,1000.0,72904
1,632,1000.0,9215
2,632,1000.0,10707
3,632,1000.0,71934
1,633,1000.0,9212
2,633,1000.0,10465
3,633,1000.0,72719
1,634,1000.0,9370
2,634,1000.0,10817
3,634,1000.0,73995
1,635,1000.0,9232
2,635,1000.0,10787
3,635,1000.0,74055
1,636,1000.0,9278
2,636,1000.0,10822
3,636,1000.0,73204
1,637,1000.0,9514
2,637,1000.0,10579
3,637,1000.0,73424
1,638,1000.0,9722
2,638,1000.0,10759
3,638,1000.0,73661
1,639,1000.0,9295
2,639,1000.0,10901
3,639,1000.0,74680
1,640,1000.0,9294
2,640,1000.0,11083
3,640,1000.0,75096
1,641,1000.0,9402
2,641,1000.0,10952
3,641,1000.0,74461
1,642,1000.0,9271
2,642,1000.0,10749
3,642,1000.0,75012
1,643,1000.0,9628
2,643,1000.0,10718
3,643,1000.0,76516
1,644,1000.0,9318
2,644,1000.0,11020
3,644,1000.0,76505
1,645,1000.0,9764
2,645,1000.0,11057
3,645,1000.0,76001
1,646,1000.0,9841
2,646,1000.0,10844
3,646,1000.0,75896
1,647,1000.0,9599
2,647,1000.0,11172
3,647,1000.0,76058
1,648,1000.0,9778
2,648,1000.0,11057
3,648,1000.0,77795
1,649,1000.0,9833
2,649,1000.0,11345
3,649,1000.0,76547
1,650,1000.0,9741
2,650,1000.0,11170
3,650,1000.0,77455
1,651,1000.0,9862
2,651,1000.0,11310
3,651,1000.0,78022
1,652,1000.0,9386
2,652,1000.0,11106
3,652,1000.0,79181
1,653,1000.0,10106
2,653,1000.0,11146
3,653,1000.0,79467
1,654,1000.0,9569
2,654,1000.0,11199
3,654,1000.0,80477
1,655,1000.0,9784
2,655,1000.0,11271
3,655,1000.0,78408
1,656,1000.0,9877
2,656,1000.0,11258
3,656,1000.0,78478
1,657,1000.0,10029
2,657,1000.0,11503
3,657,1000.0,77772
1,658,1000.0,9801
2,658,1000.0,11241
3,658,1000.0,78789
1,659,1000.0,10201
2,659,1000.0,11354
3,659,1000.0,79377
1,660,1000.0,9711
2,660,1000.0,11578
3,660,1000.0,80042
1,661,1000.0,10065
2,661,1000.0,11593
3,661,1000.0,78997
1,662,1000.0,9688
2,662,1000.0,11176
3,662,1000.0,80954
1,663,1000.0,10174
2,663,1000.0,11571
3,663,1000.0,78538
1,664,1000.0,10063
2,664,1000.0,11637
3,664,1000.0,80096
1,665,1000.0,10109
2,665,1000.0,11643
3,665,1000.0,80942
1,666,1000.0,10067
2,666,1000.0,11565
3,666,1000.0,81358
1,667,1000.0,10107
2,667,1000.0,11753
3,667,1000.0,81900
1,668,1000.0,10199
2,668,1000.0,11724
3,668,1000.0,82415
1,669,1000.0,10102
2,669,1000.0,11790
3,669,1000.0,82010
1,670,1000.0,10302
2,670,1000.0,11662
3,670,1000.0,82800
1,671,1000.0,10195
2,671,1000.0,11438
3,671,1000.0,82162
1,672,1000.0,10204
2,672,1000.0,11984
3,672,1000.0,82912
1,673,1000.0,10281
2,673,1000.0,11658
3,673,1000.0,83232
1,674,1000.0,10365
2,674,1000.0,11488
3,674,1000.0,85777
1,675,1000.0,10135
2,675,1000.0,11734
3,675,1000.0,83271
1,676,1000.0,10129
2,676,1000.0,12223
3,676,1000.0,85572
1,677,1000.0,10088
2,677,1000.0,12040
3,677,1000.0,84037
1,678,1000.0,10316
2,678,1000.0,11690
3,678,1000.0,83760
1,679,1000.0,10586
2,679,1000.0,11872
3,679,1000.0,85052
1,680,1000.0,10451
2,680,1000.0,12153
3,680,1000.0,85129
1,681,1000.0,10484
2,681,1000.0,12081
3,681,1000.0,85541
1,682,1000.0,10751
2,682,1000.0,12385
3,682,1000.0,86534
1,683,1000.0,10413
2,683,1000.0,12342
3,683,1000.0,86666
1,684,1000.0,10795
2,684,1000.0,12126
3,684,1000.0,85998
1,685,1000.0,10338
2,685,1000.0,11964
3,685,1000.0,86715
1,686,1000.0,10767
2,686,1000.0,12338
3,686,1000.0,85713
1,687,1000.0,11128
2,687,1000.0,11960
3,687,1000.0,87508
1,688,1000.0,10557
2,688,1000.0,12006
3,688,1000.0,88171
1,689,1000.0,10650
2,689,1000.0,12124
3,689,1000.0,88512
1,690,1000.0,10734
2,690,1000.0,11974
3,690,1000.0,87916
1,691,1000.0,10667
2,691,1000.0,12374
3,691,1000.0,87329
1,692,1000.0,10543
2,692,1000.0,12211
3,692,1000.0,89365
1,693,1000.0,11133
2,693,1000.0,12335
3,693,1000.0,87699
1,694,1000.0,10957
2,694,1000.0,12344
3,694,1000.0,88516
1,695,1000.0,11099
2,695,1000.0,12193
3,695,1000.0,88857
1,696,1000.0,10843
2,696,1000.0,12400
3,696,1000.0,89150
1,697,1000.0,11002
2,697,1000.0,12174
3,697,1000.0,88582
1,698,1000.0,11056
2,698,1000.0,12574
3,698,1000.0,90310
1,699,1000.0,11078
2,699,1000.0,12377
3,699,1000.0,91361
1,700,1000.0,10842
2,700,1000.0,12736
3,700,1000.0,89677
1,701,1000.0,11025
2,701,1000.0,12182
3,701,1000.0,92122
1,702,1000.0,11235
2,702,1000.0,12374
3,702,1000.0,91316
1,703,1000.0,11027
2,703,1000.0,12562
3,703,1000.0,91991
1,704,1000.0,10920
2,704,1000.0,12739
3,704,1000.0,92520
1,705,1000.0,11035
2,705,1000.0,12530
3,705,1000.0,92613
1,706,1000.0,11227
2,706,1000.0,12652
3,706,1000.0,93205
1,707,1000.0,11344
2,707,1000.0,12622
3,707,1000.0,90946
1,708,1000.0,11179
2,708,1000.0,12596
3,708,1000.0,93759
1,709,1000.0,10985
2,709,1000.0,12664
3,709,1000.0,92271
1,710,1000.0,11027
2,710,1000.0,12574
3,710,1000.0,94009
1,711,1000.0,11323
2,711,1000.0,12730
3,711,1000.0,94128
1,712,1000.0,11332
2,712,1000.0,12913
3,712,1000.0,92678
1,713,1000.0,11135
2,713,1000.0,12978
3,713,1000.0,95486
1,714,1000.0,11063
2,714,1000.0,12829
3,714,1000.0,95907
1,715,1000.0,11103
2,715,1000.0,12824
3,715,1000.0,96073
1,716,1000.0,11550
2,716,1000.0,12886
3,716,1000.0,95436
1,717,1000.0,11342
2,717,1000.0,12960
3,717,1000.0,94483
1,718,1000.0,11474
2,718,1000.0,12825
3,718,1000.0,96291
1,719,1000.0,11576
2,719,1000.0,13590
3,719,1000.0,95698
1,720,1000.0,11721
2,720,1000.0,13256
3,720,1000.0,96728
1,721,1000.0,11751
2,721,1000.0,13061
3,721,1000.0,95411
1,722,1000.0,11595
2,722,1000.0,12583
3,722,1000.0,97929
1,723,1000.0,11590
2,723,1000.0,13090
3,723,1000.0,98568
1,724,1000.0,11425
2,724,1000.0,13426
3,724,1000.0,96906
1,725,1000.0,11255
2,725,1000.0,13381
3,725,1000.0,96440
1,726,1000.0,11810
2,726,1000.0,13331
3,726,1000.0,97498
1,727,1000.0,11214
2,727,1000.0,13498
3,727,1000.0,97605
1,728,1000.0,11912
2,728,1000.0,13220
3,728,1000.0,98627
1,729,1000.0,11705
2,729,1000.0,13350
3,729,1000.0,99282
1,730,1000.0,11824
2,730,1000.0,13626
3,730,1000.0,99403
1,731,1000.0,11818
2,731,1000.0,13546
3,731,1000.0,99716
1,732,1000.0,12032
2,732,1000.0,13260
3,732,1000.0,99582
1,733,1000.0,11779
2,733,1000.0,13440
3,733,1000.0,101628
1,734,1000.0,12182
2,734,1000.0,13143
3,734,1000.0,99392
1,735,1000.0,11918
2,735,1000.0,13553
3,735,1000.0,100433
1,736,1000.0,12211
2,736,1000.0,13592
3,736,1000.0,99781
1,737,1000.0,12134
2,737,1000.0,13208
3,737,1000.0,102448
1,738,1000.0,12051
2,738,1000.0,13702
3,738,1000.0,101093
1,739,1000.0,12013
2,739,1000.0,13722
3,739,1000.0,101852
1,740,1000.0,12098
2,740,1000.0,13648
3,740,1000.0,103083
1,741,1000.0,12228
2,741,1000.0,13656
3,741,1000.0,103976
1,742,1000.0,12155
2,742,1000.0,13680
3,742,1000.0,103181
1,743,1000.0,12184
2,743,1000.0,13924
3,743,1000.0,101922
1,744,1000.0,11807
2,744,1000.0,13734
3,744,1000.0,103283
1,745,1000.0,12412
2,745,1000.0,13866
3,745,1000.0,102696
1,746,1000.0,12452
2,746,1000.0,13617
3,746,1000.0,104357
1,747,1000.0,12119
2,747,1000.0,13765
3,747,1000.0,103968
1,748,1000.0,12388
2,748,1000.0,13565
3,748,1000.0,104996
1,749,1000.0,12616
2,749,1000.0,13737
3,749,1000.0,105331
1,750,1000.0,12557
2,750,1000.0,14023
3,750,1000.0,103591
1,751,1000.0,12360
2,751,1000.0,14095
3,751,1000.0,103118
1,752,1000.0,12493
2,752,1000.0,13823
3,752,1000.0,106549
1,753,1000.0,11821
2,753,1000.0,14102
3,753,1000.0,106056
1,754,1000.0,12682
2,754,1000.0,13680
3,754,1000.0,105304
1,755,1000.0,12510
2,755,1000.0,14195
3,755,1000.0,106374
1,756,1000.0,12593
2,756,1000.0,14000
3,756,1000.0,106444
1,757,1000.0,12319
2,757,1000.0,14262
3,757,1000.0,106822
1,758,1000.0,12612
2,758,1000.0,14234
3,758,1000.0,107235
1,759,1000.0,12451
2,759,1000.0,14042
3,759,1000.0,107653
1,760,1000.0,12787
2,760,1000.0,14209
3,760,1000.0,107618
1,761,1000.0,12489
2,761,1000.0,14486
3,761,1000.0,108631
1,762,1000.0,12725
2,762,1000.0,14192
3,762,1000.0,109409
1,763,1000.0,12754
2,763,1000.0,14026
3,763,1000.0,108010
1,764,1000.0,12862
2,764,1000.0,14646
3,764,1000.0,109752
1,765,1000.0,13083
2,765,1000.0,14509
3,765,1000.0,111858
1,766,1000.0,12544
2,766,1000.0,14268
3,766,1000.0,107364
1,767,1000.0,13173
2,767,1000.0,14586
3,767,1000.0,110478
1,768,1000.0,12224
2,768,1000.0,14453
3,768,1000.0,110482
1,769,1000.0,12766
2,769,1000.0,14301
3,769,1000.0,110615
1,770,1000.0,13291
2,770,1000.0,14521
3,770,1000.0,110714
1,771,1000.0,13160
2,771,1000.0,14414
3,771,1000.0,111209
1,772,1000.0,12954
2,772,1000.0,14369
3,772,1000.0,111359
1,773,1000.0,13216
2,773,1000.0,14636
3,773,1000.0,109540
1,774,1000.0,13028
2,774,1000.0,14703
3,774,1000.0,111421
1,775,1000.0,12855
2,775,1000.0,14634
3,775,1000.0,113160
1,776,1000.0,12962
2,776,1000.0,14698
3,776,1000.0,112158
1,777,1000.0,13211
2,777,1000.0,14572
3,777,1000.0,115544
1,778,1000.0,13169
2,778,1000.0,14954
3,778,1000.0,113477
1,779,1000.0,13276
2,779,1000.0,14823
3,779,1000.0,112672
1,780,1000.0,15005
2,780,1000.0,14566
3,780,1000.0,113530
1,781,1000.0,13217
2,781,1000.0,14795
3,781,1000.0,114780
1,782,1000.0,13276
2,782,1000.0,14952
3,782,1000.0,115209
1,783,1000.0,13459
2,783,1000.0,14861
3,783,1000.0,113120
1,784,1000.0,13352
2,784,1000.0,14852
3,784,1000.0,114115
1,785,1000.0,13138
2,785,1000.0,14436
3,785,1000.0,116611
1,786,1000.0,13489
2,786,1000.0,14118
3,786,1000.0,114700
1,787,1000.0,13686
2,787,1000.0,15202
3,787,1000.0,115507
1,788,1000.0,13828
2,788,1000.0,14569
3,788,1000.0,115528
1,789,1000.0,13769
2,789,1000.0,15121
3,789,1000.0,116040
1,790,1000.0,13560
2,790,1000.0,15417
3,790,1000.0,117132
1,791,1000.0,13793
2,791,1000.0,15067
3,791,1000.0,116969
1,792,1000.0,13587
2,792,1000.0,15380
3,792,1000.0,118566
1,793,1000.0,13476
2,793,1000.0,15179
3,793,1000.0,117861
1,794,1000.0,13627
2,794,1000.0,15334
3,794,1000.0,118828
1,795,1000.0,13717
2,795,1000.0,15250
3,795,1000.0,120156
1,796,1000.0,13966
2,796,1000.0,15204
3,796,1000.0,117839
1,797,1000.0,13801
2,797,1000.0,15141
3,797,1000.0,117023
1,798,1000.0,13466
2,798,1000.0,15580
3,798,1000.0,119622
1,799,1000.0,14483
2,799,1000.0,14690
3,799,1000.0,120612
1,800,1000.0,14251
2,800,1000.0,14835
3,800,1000.0,121897
1,801,1000.0,13632
2,801,1000.0,15384
3,801,1000.0,119986
1,802,1000.0,14128
2,802,1000.0,15725
3,802,1000.0,119415
1,803,1000.0,13650
2,803,1000.0,15582
3,803,1000.0,122169
1,804,1000.0,13358
2,804,1000.0,15567
3,804,1000.0,120079
1,805,1000.0,13896
2,805,1000.0,15512
3,805,1000.0,121400
1,806,1000.0,14052
2,806,1000.0,15761
3,806,1000.0,122297
1,807,1000.0,14129
2,807,1000.0,15166
3,807,1000.0,122078
1,808,1000.0,13478
2,808,1000.0,15589
3,808,1000.0,122476
1,809,1000.0,14072
2,809,1000.0,15544
3,809,1000.0,122215
1,810,1000.0,14376
2,810,1000.0,16187
3,810,1000.0,124177
1,811,1000.0,14240
2,811,1000.0,15740
3,811,1000.0,123010
1,812,1000.0,13851
2,812,1000.0,15507
3,812,1000.0,125481
1,813,1000.0,14557
2,813,1000.0,15925
3,813,1000.0,122013
1,814,1000.0,13554
2,814,1000.0,15831
3,814,1000.0,121799
1,815,1000.0,13864
2,815,1000.0,15806
3,815,1000.0,123621
1,816,1000.0,14333
2,816,1000.0,15961
3,816,1000.0,126599
1,817,1000.0,14329
2,817,1000.0,15834
3,817,1000.0,124869
1,818,1000.0,14256
2,818,1000.0,15962
3,818,1000.0,123533
1,819,1000.0,14439
2,819,1000.0,16187
3,819,1000.0,126232
1,820,1000.0,14397
2,820,1000.0,15944
3,820,1000.0,125699
1,821,1000.0,14222
2,821,1000.0,16032
3,821,1000.0,125613
1,822,1000.0,14612
2,822,1000.0,16251
3,822,1000.0,125619
1,823,1000.0,15159
2,823,1000.0,15883
3,823,1000.0,125769
1,824,1000.0,14619
2,824,1000.0,16010
3,824,1000.0,127382
1,825,1000.0,14551
2,825,1000.0,15546
3,825,1000.0,128551
1,826,1000.0,14475
2,826,1000.0,16218
3,826,1000.0,127732
1,827,1000.0,14740
2,827,1000.0,15945
3,827,1000.0,126915
1,828,1000.0,14596
2,828,1000.0,16032
3,828,1000.0,130320
1,829,1000.0,15117
2,829,1000.0,16478
3,829,1000.0,130740
1,830,1000.0,15086
2,830,1000.0,15464
3,830,1000.0,128836
1,831,1000.0,14882
2,831,1000.0,16553
3,831,1000.0,129321
1,832,1000.0,14952
2,832,1000.0,15749
3,832,1000.0,129133
1,833,1000.0,14635
2,833,1000.0,16768
3,833,1000.0,132169
1,834,1000.0,14820
2,834,1000.0,16531
3,834,1000.0,130619
1,835,1000.0,14780
2,835,1000.0,16541
3,835,1000.0,132481
1,836,1000.0,14696
2,836,1000.0,16584
3,836,1000.0,131282
1,837,1000.0,15040
2,837,1000.0,16576
3,837,1000.0,130813
1,838,1000.0,15617
2,838,1000.0,17049
3,838,1000.0,131399
1,839,1000.0,14783
2,839,1000.0,16717
3,839,1000.0,132958
1,840,1000.0,14764
2,840,1000.0,16772
3,840,1000.0,131206
1,841,1000.0,14826
2,841,1000.0,16453
3,841,1000.0,134020
1,842,1000.0,14880
2,842,1000.0,16268
3,842,1000.0,133932
1,843,1000.0,15312
2,843,1000.0,16639
3,843,1000.0,135910
1,844,1000.0,15665
2,844,1000.0,17302
3,844,1000.0,135938
1,845,1000.0,15302
2,845,1000.0,16907
3,845,1000.0,134306
1,846,1000.0,15197
2,846,1000.0,16460
3,846,1000.0,137038
1,847,1000.0,15471
2,847,1000.0,16869
3,847,1000.0,137201
1,848,1000.0,15390
2,848,1000.0,16029
3,848,1000.0,137282
1,849,1000.0,15634
2,849,1000.0,17183
3,849,1000.0,135294
1,850,1000.0,15712
2,850,1000.0,17485
3,850,1000.0,135831
1,851,1000.0,15685
2,851,1000.0,17094
3,851,1000.0,139034
1,852,1000.0,15525
2,852,1000.0,16002
3,852,1000.0,136353
1,853,1000.0,15538
2,853,1000.0,16691
3,853,1000.0,135647
1,854,1000.0,15766
2,854,1000.0,16929
3,854,1000.0,135428
1,855,1000.0,15351
2,855,1000.0,17144
3,855,1000.0,134820
1,856,1000.0,16123
2,856,1000.0,17088
3,856,1000.0,140417
1,857,1000.0,15564
2,857,1000.0,17037
3,857,1000.0,138876
1,858,1000.0,15474
2,858,1000.0,17044
3,858,1000.0,139515
1,859,1000.0,14631
2,859,1000.0,17537
3,859,1000.0,135984
1,860,1000.0,15982
2,860,1000.0,16943
3,860,1000.0,138299
1,861,1000.0,16009
2,861,1000.0,17525
3,861,1000.0,138707
1,862,1000.0,15787
2,862,1000.0,17290
3,862,1000.0,139543
1,863,1000.0,15580
2,863,1000.0,18114
3,863,1000.0,138444
1,864,1000.0,15883
2,864,1000.0,17156
3,864,1000.0,139203
1,865,1000.0,16048
2,865,1000.0,17814
3,865,1000.0,141875
1,866,1000.0,15911
2,866,1000.0,17280
3,866,1000.0,140827
1,867,1000.0,15892
2,867,1000.0,17627
3,867,1000.0,141698
1,868,1000.0,16073
2,868,1000.0,17478
3,868,1000.0,141768
1,869,1000.0,16148
2,869,1000.0,17792
3,869,1000.0,143755
1,870,1000.0,16483
2,870,1000.0,16604
3,870,1000.0,143871
1,871,1000.0,16389
2,871,1000.0,17806
3,871,1000.0,141615
1,872,1000.0,16371
2,872,1000.0,17650
3,872,1000.0,141543
1,873,1000.0,16505
2,873,1000.0,17863
3,873,1000.0,142565
1,874,1000.0,16552
2,874,1000.0,17925
3,874,1000.0,143909
1,875,1000.0,16277
2,875,1000.0,17708
3,875,1000.0,147023
1,876,1000.0,16385
2,876,1000.0,17752
3,876,1000.0,148413
1,877,1000.0,16092
2,877,1000.0,17774
3,877,1000.0,143573
1,878,1000.0,16233
2,878,1000.0,17890
3,878,1000.0,147631
1,879,1000.0,16516
2,879,1000.0,17867
3,879,1000.0,147588
1,880,1000.0,16064
2,880,1000.0,18437
3,880,1000.0,149043
1,881,1000.0,16671
2,881,1000.0,17835
3,881,1000.0,145725
1,882,1000.0,16296
2,882,1000.0,18164
3,882,1000.0,145458
1,883,1000.0,16379
2,883,1000.0,17120
3,883,1000.0,149507
1,884,1000.0,16430
2,884,1000.0,18192
3,884,1000.0,147784
1,885,1000.0,16768
2,885,1000.0,17911
3,885,1000.0,148978
1,886,1000.0,16258
2,886,1000.0,18444
3,886,1000.0,151824
1,887,1000.0,15491
2,887,1000.0,18044
3,887,1000.0,149810
1,888,1000.0,16770
2,888,1000.0,18207
3,888,1000.0,149671
1,889,1000.0,17006
2,889,1000.0,17285
3,889,1000.0,149758
1,890,1000.0,16781
2,890,1000.0,18509
3,890,1000.0,150913
1,891,1000.0,17223
2,891,1000.0,18452
3,891,1000.0,150353
1,892,1000.0,16546
2,892,1000.0,19065
3,892,1000.0,152238
1,893,1000.0,16939
2,893,1000.0,18302
3,893,1000.0,150673
1,894,1000.0,16808
2,894,1000.0,18704
3,894,1000.0,153287
1,895,1000.0,16890
2,895,1000.0,18319
3,895,1000.0,153514
1,896,1000.0,17567
2,896,1000.0,18106
3,896,1000.0,154031
1,897,1000.0,17078
2,897,1000.0,18797
3,897,1000.0,155659
1,898,1000.0,17057
2,898,1000.0,18653
3,898,1000.0,155445
1,899,1000.0,16692
2,899,1000.0,18728
3,899,1000.0,155350
1,900,1000.0,17502
2,900,1000.0,18326
3,900,1000.0,159499
1,901,1000.0,16920
2,901,1000.0,18848
3,901,1000.0,157309
1,902,1000.0,18054
2,902,1000.0,18406
3,902,1000.0,157119
1,903,1000.0,17490
2,903,1000.0,18677
3,903,1000.0,153753
1,904,1000.0,17812
2,904,1000.0,18425
3,904,1000.0,158746
1,905,1000.0,17202
2,905,1000.0,19096
3,905,1000.0,157796
1,906,1000.0,16977
2,906,1000.0,18056
3,906,1000.0,158364
1,907,1000.0,17766
2,907,1000.0,18594
3,907,1000.0,159075
1,908,1000.0,17020
2,908,1000.0,18374
3,908,1000.0,158175
1,909,1000.0,17202
2,909,1000.0,19048
3,909,1000.0,158371
1,910,1000.0,17533
2,910,1000.0,18610
3,910,1000.0,158745
1,911,1000.0,17774
2,911,1000.0,18637
3,911,1000.0,157675
1,912,1000.0,17919
2,912,1000.0,19255
3,912,1000.0,159554
1,913,1000.0,17583
2,913,1000.0,19346
3,913,1000.0,156733
1,914,1000.0,17804
2,914,1000.0,18919
3,914,1000.0,159796
1,915,1000.0,18359
2,915,1000.0,19191
3,915,1000.0,161053
1,916,1000.0,17790
2,916,1000.0,19787
3,916,1000.0,159913
1,917,1000.0,18011
2,917,1000.0,19778
3,917,1000.0,159736
1,918,1000.0,17703
2,918,1000.0,19887
3,918,1000.0,158967
1,919,1000.0,17852
2,919,1000.0,19429
3,919,1000.0,162501
1,920,1000.0,18003
2,920,1000.0,19862
3,920,1000.0,160233
1,921,1000.0,17545
2,921,1000.0,20172
3,921,1000.0,163831
1,922,1000.0,17521
2,922,1000.0,19927
3,922,1000.0,160889
1,923,1000.0,17740
2,923,1000.0,18350
3,923,1000.0,162885
1,924,1000.0,17627
2,924,1000.0,19406
3,924,1000.0,162607
1,925,1000.0,18503
2,925,1000.0,19033
3,925,1000.0,163022
1,926,1000.0,18016
2,926,1000.0,19635
3,926,1000.0,164456
1,927,1000.0,17942
2,927,1000.0,18475
3,927,1000.0,164584
1,928,1000.0,18348
2,928,1000.0,19564
3,928,1000.0,163961
1,929,1000.0,18013
2,929,1000.0,20136
3,929,1000.0,165405
1,930,1000.0,18248
2,930,1000.0,20262
3,930,1000.0,164975
1,931,1000.0,17491
2,931,1000.0,20384
3,931,1000.0,164399
1,932,1000.0,17695
2,932,1000.0,20463
3,932,1000.0,163203
1,933,1000.0,18387
2,933,1000.0,19106
3,933,1000.0,165058
1,934,1000.0,17881
2,934,1000.0,19948
3,934,1000.0,166208
1,935,1000.0,19024
2,935,1000.0,19970
3,935,1000.0,166015
1,936,1000.0,18193
2,936,1000.0,20978
3,936,1000.0,168379
1,937,1000.0,18766
2,937,1000.0,19043
3,937,1000.0,169081
1,938,1000.0,19137
2,938,1000.0,19880
3,938,1000.0,167727
1,939,1000.0,19063
2,939,1000.0,20317
3,939,1000.0,168910
1,940,1000.0,18446
2,940,1000.0,18886
3,940,1000.0,167576
1,941,1000.0,18436
2,941,1000.0,20324
3,941,1000.0,172315
1,942,1000.0,18314
2,942,1000.0,20514
3,942,1000.0,168187
1,943,1000.0,19030
2,943,1000.0,18979
3,943,1000.0,171567
1,944,1000.0,18074
2,944,1000.0,19844
3,944,1000.0,168094
1,945,1000.0,18403
2,945,1000.0,20102
3,945,1000.0,171229
1,946,1000.0,18384
2,946,1000.0,20569
3,946,1000.0,174605
1,947,1000.0,17946
2,947,1000.0,20328
3,947,1000.0,174568
1,948,1000.0,18816
2,948,1000.0,19070
3,948,1000.0,173197
1,949,1000.0,18548
2,949,1000.0,20352
3,949,1000.0,174086
1,950,1000.0,18824
2,950,1000.0,20586
3,950,1000.0,180633
1,951,1000.0,18799
2,951,1000.0,20861
3,951,1000.0,170695
1,952,1000.0,19701
2,952,1000.0,20510
3,952,1000.0,170542
1,953,1000.0,18872
2,953,1000.0,20848
3,953,1000.0,176523
1,954,1000.0,19072
2,954,1000.0,20805
3,954,1000.0,177094
1,955,1000.0,18889
2,955,1000.0,21346
3,955,1000.0,177538
1,956,1000.0,18612
2,956,1000.0,20709
3,956,1000.0,177898
1,957,1000.0,19188
2,957,1000.0,21125
3,957,1000.0,177282
1,958,1000.0,19557
2,958,1000.0,21106
3,958,1000.0,178132
1,959,1000.0,19748
2,959,1000.0,20682
3,959,1000.0,175318
1,960,1000.0,19178
2,960,1000.0,21254
3,960,1000.0,179152
1,961,1000.0,19130
2,961,1000.0,21355
3,961,1000.0,175771
1,962,1000.0,18667
2,962,1000.0,20572
3,962,1000.0,174120
1,963,1000.0,19590
2,963,1000.0,20819
3,963,1000.0,176878
1,964,1000.0,18743
2,964,1000.0,21170
3,964,1000.0,176473
1,965,1000.0,19060
2,965,1000.0,21059
3,965,1000.0,175810
1,966,1000.0,19058
2,966,1000.0,20974
3,966,1000.0,176461
1,967,1000.0,19298
2,967,1000.0,19872
3,967,1000.0,180390
1,968,1000.0,18352
2,968,1000.0,21421
3,968,1000.0,179031
1,969,1000.0,20165
2,969,1000.0,21702
3,969,1000.0,181304
1,970,1000.0,19311
2,970,1000.0,20014
3,970,1000.0,178105
1,971,1000.0,18688
2,971,1000.0,20952
3,971,1000.0,180023
1,972,1000.0,20602
2,972,1000.0,21388
3,972,1000.0,179972
1,973,1000.0,19499
2,973,1000.0,21312
3,973,1000.0,182544
1,974,1000.0,19286
2,974,1000.0,21558
3,974,1000.0,180534
1,975,1000.0,19401
2,975,1000.0,21694
3,975,1000.0,182065
1,976,1000.0,19232
2,976,1000.0,22113
3,976,1000.0,183123
1,977,1000.0,19478
2,977,1000.0,22285
3,977,1000.0,180971
1,978,1000.0,20689
2,978,1000.0,21637
3,978,1000.0,183384
1,979,1000.0,20095
2,979,1000.0,22244
3,979,1000.0,183848
1,980,1000.0,19991
2,980,1000.0,21544
3,980,1000.0,183155
1,981,1000.0,20338
2,981,1000.0,21573
3,981,1000.0,185818
1,982,1000.0,20351
2,982,1000.0,21999
3,982,1000.0,187328
1,983,1000.0,21144
2,983,1000.0,21440
3,983,1000.0,186236
1,984,1000.0,20005
2,984,1000.0,22406
3,984,1000.0,184413
1,985,1000.0,20588
2,985,1000.0,21669
3,985,1000.0,184531
1,986,1000.0,20463
2,986,1000.0,21582
3,986,1000.0,189456
1,987,1000.0,20135
2,987,1000.0,21698
3,987,1000.0,189555
1,988,1000.0,20314
2,988,1000.0,21997
3,988,1000.0,187191
1,989,1000.0,19950
2,989,1000.0,21905
3,989,1000.0,188125
1,990,1000.0,20018
2,990,1000.0,22334
3,990,1000.0,187661
1,991,1000.0,20046
2,991,1000.0,21917
3,991,1000.0,188947
1,992,1000.0,19976
2,992,1000.0,21963
3,992,1000.0,186397
1,993,1000.0,20809
2,993,1000.0,22215
3,993,1000.0,192002
1,994,1000.0,20973
2,994,1000.0,21835
3,994,1000.0,191172
1,995,1000.0,20023
2,995,1000.0,22040
3,995,1000.0,190365
1,996,1000.0,19700
2,996,1000.0,22205
3,996,1000.0,188090
1,997,1000.0,20059
2,997,1000.0,22053
3,997,1000.0,191193
1,998,1000.0,20602
2,998,1000.0,21103
3,998,1000.0,189512
1,999,1000.0,20669
2,999,1000.0,21399
3,999,1000.0,197194
1,1000,1000.0,20186
2,1000,1000.0,22124
3,1000,1000.0,190256
